,Round,Team,Opponent,Result,Venue,GF,GA,xG,xGA,Poss,Recent_GF,Recent_GA,Recent_xG,Recent_xGA,Recent_Poss
608,1,Arsenal,Nottingham-Forest,W,Home,2,1,0.8,1.2,78,,,,,
418,1,Aston-Villa,Newcastle-United,L,Away,1,5,1.8,3.3,48,,,,,
342,1,Bournemouth,West-Ham-United,D,Home,1,1,1.3,1.1,62,,,,,
38,1,Brentford,Tottenham-Hotspur,D,Home,2,2,2.2,1.3,31,,,,,
76,1,Brighton-and-Hove-Albion,Luton-Town,W,Home,4,1,4.0,1.5,70,,,,,
570,1,Burnley,Manchester-City,L,Home,0,3,0.3,1.9,35,,,,,
380,1,Chelsea,Liverpool,D,Home,1,1,1.4,1.3,65,,,,,
684,1,Crystal-Palace,Sheffield-United,W,Away,1,0,1.9,0.5,68,,,,,
456,1,Everton,Fulham,L,Home,0,1,2.7,1.5,42,,,,,
114,1,Fulham,Everton,W,Away,1,0,1.5,2.7,58,,,,,
646,1,Liverpool,Chelsea,D,Away,1,1,1.3,1.4,35,,,,,
0,1,Luton-Town,Brighton-and-Hove-Albion,L,Away,1,4,1.5,4.0,30,,,,,
304,1,Manchester-City,Burnley,W,Away,3,0,1.9,0.3,65,,,,,
722,1,Manchester-United,Wolverhampton-Wanderers,W,Home,1,0,2.2,2.2,51,,,,,
152,1,Newcastle-United,Aston-Villa,W,Home,5,1,3.3,1.8,52,,,,,
494,1,Nottingham-Forest,Arsenal,L,Away,1,2,1.2,0.8,22,,,,,
228,1,Sheffield-United,Crystal-Palace,L,Home,0,1,0.5,1.9,32,,,,,
532,1,Tottenham-Hotspur,Brentford,D,Away,2,2,1.3,2.2,69,,,,,
190,1,West-Ham-United,Bournemouth,D,Away,1,1,1.1,1.3,38,,,,,
266,1,Wolverhampton-Wanderers,Manchester-United,L,Away,0,1,2.2,2.2,49,,,,,
609,2,Arsenal,Crystal-Palace,W,Away,1,0,2.0,1.0,53,2.0,1.0,0.8,1.2,78.0
419,2,Aston-Villa,Everton,W,Home,4,0,2.9,0.6,60,1.0,5.0,1.8,3.3,48.0
343,2,Bournemouth,Liverpool,L,Away,1,3,1.3,3.0,36,1.0,1.0,1.3,1.1,62.0
39,2,Brentford,Fulham,W,Away,3,0,3.7,0.5,45,2.0,2.0,2.2,1.3,31.0
77,2,Brighton-and-Hove-Albion,Wolverhampton-Wanderers,W,Away,4,1,2.2,2.1,53,4.0,1.0,4.0,1.5,70.0
576,2,Burnley,Luton-Town,W,Away,2,1,1.1,1.3,51,0.0,3.0,0.3,1.9,35.0
381,2,Chelsea,West-Ham-United,L,Away,1,3,2.5,1.8,75,1.0,1.0,1.4,1.3,65.0
685,2,Crystal-Palace,Arsenal,L,Home,0,1,1.0,2.0,47,1.0,0.0,1.9,0.5,68.0
457,2,Everton,Aston-Villa,L,Away,0,4,0.6,2.9,40,0.0,1.0,2.7,1.5,42.0
115,2,Fulham,Brentford,L,Home,0,3,0.5,3.7,55,1.0,0.0,1.5,2.7,58.0
647,2,Liverpool,Bournemouth,W,Home,3,1,3.0,1.3,64,1.0,1.0,1.3,1.4,35.0
6,2,Luton-Town,Burnley,L,Home,1,2,1.3,1.1,49,1.0,4.0,1.5,4.0,30.0
305,2,Manchester-City,Newcastle-United,W,Home,1,0,1.0,0.3,59,3.0,0.0,1.9,0.3,65.0
723,2,Manchester-United,Tottenham-Hotspur,L,Away,0,2,2.1,1.7,45,1.0,0.0,2.2,2.2,51.0
153,2,Newcastle-United,Manchester-City,L,Away,0,1,0.3,1.0,41,5.0,1.0,3.3,1.8,52.0
495,2,Nottingham-Forest,Sheffield-United,W,Home,2,1,1.4,0.5,50,1.0,2.0,1.2,0.8,22.0
229,2,Sheffield-United,Nottingham-Forest,L,Away,1,2,0.5,1.4,50,0.0,1.0,0.5,1.9,32.0
533,2,Tottenham-Hotspur,Manchester-United,W,Home,2,0,1.7,2.1,55,2.0,2.0,1.3,2.2,69.0
191,2,West-Ham-United,Chelsea,W,Home,3,1,1.8,2.5,25,1.0,1.0,1.1,1.3,38.0
267,2,Wolverhampton-Wanderers,Brighton-and-Hove-Albion,L,Home,1,4,2.1,2.2,47,0.0,1.0,2.2,2.2,49.0
610,3,Arsenal,Fulham,D,Home,2,2,3.2,0.6,71,1.5,0.5,1.4,1.1,65.5
420,3,Aston-Villa,Burnley,W,Away,3,1,2.5,0.7,43,2.5,2.5,2.35,1.95,54.0
344,3,Bournemouth,Tottenham-Hotspur,L,Home,0,2,0.7,2.1,44,1.0,2.0,1.3,2.05,49.0
40,3,Brentford,Crystal-Palace,D,Home,1,1,1.0,0.8,60,2.5,1.0,2.95,0.9,38.0
78,3,Brighton-and-Hove-Albion,West-Ham-United,L,Home,1,3,1.5,3.0,78,4.0,1.0,3.1,1.8,61.5
571,3,Burnley,Aston-Villa,L,Home,1,3,0.7,2.5,57,1.0,2.0,0.7000000000000001,1.6,43.0
382,3,Chelsea,Luton-Town,W,Home,3,0,2.2,0.4,67,1.0,2.0,1.95,1.55,70.0
686,3,Crystal-Palace,Brentford,D,Away,1,1,0.8,1.0,40,0.5,0.5,1.45,1.25,57.5
458,3,Everton,Wolverhampton-Wanderers,L,Home,0,1,1.3,1.1,47,0.0,2.5,1.6500000000000001,2.2,41.0
116,3,Fulham,Arsenal,D,Away,2,2,0.6,3.2,29,0.5,1.5,1.0,3.2,56.5
648,3,Liverpool,Newcastle-United,W,Away,2,1,0.9,2.0,41,2.0,1.0,2.15,1.35,49.5
1,3,Luton-Town,Chelsea,L,Away,0,3,0.4,2.2,33,1.0,3.0,1.4,2.55,39.5
306,3,Manchester-City,Sheffield-United,W,Away,2,1,3.5,0.7,79,2.0,0.0,1.45,0.3,62.0
724,3,Manchester-United,Nottingham-Forest,W,Home,3,2,2.8,1.2,66,0.5,1.0,2.1500000000000004,1.9500000000000002,48.0
154,3,Newcastle-United,Liverpool,L,Home,1,2,2.0,0.9,59,2.5,1.0,1.7999999999999998,1.4,46.5
496,3,Nottingham-Forest,Manchester-United,L,Away,2,3,1.2,2.8,34,1.5,1.5,1.2999999999999998,0.65,36.0
230,3,Sheffield-United,Manchester-City,L,Home,1,2,0.7,3.5,21,0.5,1.5,0.5,1.65,41.0
534,3,Tottenham-Hotspur,Bournemouth,W,Away,2,0,2.1,0.7,56,2.0,1.0,1.5,2.1500000000000004,62.0
192,3,West-Ham-United,Brighton-and-Hove-Albion,W,Away,3,1,3.0,1.5,22,2.0,1.0,1.4500000000000002,1.9,31.5
268,3,Wolverhampton-Wanderers,Everton,W,Away,1,0,1.1,1.3,53,0.5,2.5,2.1500000000000004,2.2,48.0
611,4,Arsenal,Manchester-United,W,Home,3,1,2.3,0.9,55,1.6666666666666667,1.0,2.0,0.9333333333333332,67.33333333333333
421,4,Aston-Villa,Liverpool,L,Away,0,3,0.7,2.5,37,2.6666666666666665,2.0,2.4,1.5333333333333332,50.333333333333336
345,4,Bournemouth,Brentford,D,Away,2,2,2.1,2.9,40,0.6666666666666666,2.0,1.0999999999999999,2.066666666666667,47.333333333333336
41,4,Brentford,Bournemouth,D,Home,2,2,2.9,2.1,60,2.0,1.0,2.3000000000000003,0.8666666666666667,45.333333333333336
79,4,Brighton-and-Hove-Albion,Newcastle-United,W,Home,3,1,1.3,1.2,56,3.0,1.6666666666666667,2.566666666666667,2.1999999999999997,67.0
572,4,Burnley,Tottenham-Hotspur,L,Home,2,5,1.3,2.2,47,1.0,2.3333333333333335,0.7000000000000001,1.9000000000000001,47.666666666666664
383,4,Chelsea,Nottingham-Forest,L,Home,0,1,2.3,0.8,75,1.6666666666666667,1.3333333333333333,2.033333333333333,1.1666666666666667,69.0
687,4,Crystal-Palace,Wolverhampton-Wanderers,W,Home,3,2,2.1,1.2,43,0.6666666666666666,0.6666666666666666,1.2333333333333334,1.1666666666666667,51.666666666666664
459,4,Everton,Sheffield-United,D,Away,2,2,2.5,1.2,54,0.0,2.0,1.5333333333333332,1.8333333333333333,43.0
117,4,Fulham,Manchester-City,L,Away,1,5,1.4,2.2,32,1.0,1.6666666666666667,0.8666666666666667,3.2000000000000006,47.333333333333336
649,4,Liverpool,Aston-Villa,W,Home,3,0,2.5,0.7,63,2.0,1.0,1.7333333333333334,1.5666666666666667,46.666666666666664
2,4,Luton-Town,West-Ham-United,L,Home,1,2,1.4,1.0,39,0.6666666666666666,3.0,1.0666666666666667,2.4333333333333336,37.333333333333336
307,4,Manchester-City,Fulham,W,Home,5,1,2.2,1.4,68,2.0,0.3333333333333333,2.1333333333333333,0.4333333333333333,67.66666666666667
725,4,Manchester-United,Arsenal,L,Away,1,3,0.9,2.3,45,1.3333333333333333,1.3333333333333333,2.3666666666666667,1.7,54.0
155,4,Newcastle-United,Brighton-and-Hove-Albion,L,Away,1,3,1.2,1.3,44,2.0,1.3333333333333333,1.8666666666666665,1.2333333333333334,50.666666666666664
497,4,Nottingham-Forest,Chelsea,W,Away,1,0,0.8,2.3,25,1.6666666666666667,2.0,1.2666666666666666,1.3666666666666665,35.333333333333336
231,4,Sheffield-United,Everton,D,Home,2,2,1.2,2.5,46,0.6666666666666666,1.6666666666666667,0.5666666666666667,2.2666666666666666,34.333333333333336
535,4,Tottenham-Hotspur,Burnley,W,Away,5,2,2.2,1.3,53,2.0,0.6666666666666666,1.7,1.6666666666666667,60.0
193,4,West-Ham-United,Luton-Town,W,Away,2,1,1.0,1.4,61,2.3333333333333335,1.0,1.9666666666666668,1.7666666666666666,28.333333333333332
269,4,Wolverhampton-Wanderers,Crystal-Palace,L,Away,2,3,1.2,2.1,57,0.6666666666666666,1.6666666666666667,1.8,1.9000000000000001,49.666666666666664
612,5,Arsenal,Everton,W,Away,1,0,1.0,0.3,74,2.0,1.0,2.5,0.8333333333333334,59.666666666666664
422,5,Aston-Villa,Crystal-Palace,W,Home,3,1,3.0,1.2,66,2.3333333333333335,1.3333333333333333,2.033333333333333,1.2666666666666666,46.666666666666664
346,5,Bournemouth,Chelsea,D,Home,0,0,1.0,1.8,36,1.0,2.3333333333333335,1.366666666666667,2.6666666666666665,40.0
42,5,Brentford,Newcastle-United,L,Away,0,1,0.5,1.4,44,2.0,1.0,2.533333333333333,1.1333333333333335,55.0
80,5,Brighton-and-Hove-Albion,Manchester-United,W,Away,3,1,1.7,1.0,56,2.6666666666666665,1.6666666666666667,1.6666666666666667,2.1,62.333333333333336
573,5,Burnley,Nottingham-Forest,D,Away,1,1,0.5,0.7,54,1.6666666666666667,3.0,1.0333333333333334,2.0,51.666666666666664
384,5,Chelsea,Bournemouth,D,Away,0,0,1.8,1.0,64,1.3333333333333333,1.3333333333333333,2.3333333333333335,1.0000000000000002,72.33333333333333
688,5,Crystal-Palace,Aston-Villa,L,Away,1,3,1.2,3.0,34,1.3333333333333333,1.3333333333333333,1.3,1.4000000000000001,43.333333333333336
460,5,Everton,Arsenal,L,Home,0,1,0.3,1.0,26,0.6666666666666666,2.3333333333333335,1.4666666666666668,1.7333333333333334,47.0
118,5,Fulham,Luton-Town,W,Home,1,0,1.0,1.1,77,1.0,3.3333333333333335,0.8333333333333334,3.0333333333333337,38.666666666666664
650,5,Liverpool,Wolverhampton-Wanderers,W,Away,3,1,2.5,0.6,65,2.6666666666666665,0.6666666666666666,2.1333333333333333,1.3333333333333333,56.0
3,5,Luton-Town,Fulham,L,Away,0,1,1.1,1.0,23,0.6666666666666666,2.3333333333333335,1.0333333333333334,1.4333333333333336,40.333333333333336
308,5,Manchester-City,West-Ham-United,W,Away,3,1,3.6,0.9,68,2.6666666666666665,0.6666666666666666,2.233333333333333,0.7999999999999998,68.66666666666667
726,5,Manchester-United,Brighton-and-Hove-Albion,L,Home,1,3,1.0,1.7,44,1.3333333333333333,2.3333333333333335,1.9333333333333333,1.7333333333333332,52.0
156,5,Newcastle-United,Brentford,W,Home,1,0,1.4,0.5,56,0.6666666666666666,2.0,1.1666666666666667,1.0666666666666667,48.0
498,5,Nottingham-Forest,Burnley,D,Home,1,1,0.7,0.5,46,1.6666666666666667,1.3333333333333333,1.133333333333333,1.8666666666666665,36.333333333333336
232,5,Sheffield-United,Tottenham-Hotspur,L,Away,1,2,0.7,2.1,30,1.3333333333333333,2.0,0.7999999999999999,2.466666666666667,39.0
536,5,Tottenham-Hotspur,Sheffield-United,W,Home,2,1,2.1,0.7,70,3.0,0.6666666666666666,2.0,1.3666666666666665,54.666666666666664
194,5,West-Ham-United,Manchester-City,L,Home,1,3,0.9,3.6,32,2.6666666666666665,1.0,1.9333333333333336,1.8,36.0
270,5,Wolverhampton-Wanderers,Liverpool,L,Home,1,3,0.6,2.5,35,1.3333333333333333,2.3333333333333335,1.4666666666666668,1.866666666666667,52.333333333333336
613,6,Arsenal,Tottenham-Hotspur,D,Home,2,2,1.8,1.4,47,2.0,1.0,2.1666666666666665,0.6,66.66666666666667
423,6,Aston-Villa,Chelsea,W,Away,1,0,1.0,1.3,47,2.0,1.6666666666666667,2.0666666666666664,1.4666666666666666,48.666666666666664
347,6,Bournemouth,Brighton-and-Hove-Albion,L,Away,1,3,1.1,1.9,39,0.6666666666666666,1.3333333333333333,1.2666666666666668,2.2666666666666666,40.0
43,6,Brentford,Everton,L,Home,1,3,1.0,1.9,57,1.0,1.3333333333333333,1.4666666666666668,1.4333333333333333,54.666666666666664
81,6,Brighton-and-Hove-Albion,Bournemouth,W,Home,3,1,1.9,1.1,61,2.3333333333333335,1.6666666666666667,1.5,1.7333333333333332,63.333333333333336
574,6,Burnley,Manchester-United,L,Home,0,1,1.1,1.0,61,1.3333333333333333,3.0,0.8333333333333334,1.8,52.666666666666664
385,6,Chelsea,Aston-Villa,L,Home,0,1,1.3,1.0,53,1.0,0.3333333333333333,2.1,0.7333333333333334,68.66666666666667
689,6,Crystal-Palace,Fulham,D,Home,0,0,0.3,0.6,51,1.6666666666666667,2.0,1.3666666666666665,1.7333333333333334,39.0
461,6,Everton,Brentford,W,Away,3,1,1.9,1.0,43,0.6666666666666666,1.3333333333333333,1.3666666666666665,1.0999999999999999,42.333333333333336
119,6,Fulham,Crystal-Palace,D,Away,0,0,0.6,0.3,49,1.3333333333333333,2.3333333333333335,1.0,2.1666666666666665,46.0
651,6,Liverpool,West-Ham-United,W,Home,3,1,3.0,1.1,63,2.6666666666666665,0.6666666666666666,1.9666666666666668,1.1,56.333333333333336
4,6,Luton-Town,Wolverhampton-Wanderers,D,Home,1,1,2.1,0.6,57,0.3333333333333333,2.0,0.9666666666666668,1.4000000000000001,31.666666666666668
309,6,Manchester-City,Nottingham-Forest,W,Home,2,0,1.3,1.0,57,3.3333333333333335,1.0,3.1,1.0,71.66666666666667
727,6,Manchester-United,Burnley,W,Away,1,0,1.0,1.1,39,1.6666666666666667,2.6666666666666665,1.5666666666666664,1.7333333333333332,51.666666666666664
157,6,Newcastle-United,Sheffield-United,W,Away,8,0,3.9,0.9,58,1.0,1.6666666666666667,1.5333333333333332,0.9,53.0
499,6,Nottingham-Forest,Manchester-City,L,Away,0,2,1.0,1.3,43,1.3333333333333333,1.3333333333333333,0.9,1.8666666666666665,35.0
233,6,Sheffield-United,Newcastle-United,L,Home,0,8,0.9,3.9,42,1.3333333333333333,2.0,0.8666666666666666,2.6999999999999997,32.333333333333336
537,6,Tottenham-Hotspur,Arsenal,D,Away,2,2,1.4,1.8,53,3.0,1.0,2.1333333333333333,0.9,59.666666666666664
195,6,West-Ham-United,Liverpool,L,Away,1,3,1.1,3.0,37,2.0,1.6666666666666667,1.6333333333333335,2.1666666666666665,38.333333333333336
271,6,Wolverhampton-Wanderers,Luton-Town,D,Away,1,1,0.6,2.1,43,1.3333333333333333,2.0,0.9666666666666667,1.9666666666666668,48.333333333333336
614,7,Arsenal,Bournemouth,W,Away,4,0,3.4,0.6,57,2.0,1.0,1.7,0.8666666666666667,58.666666666666664
424,7,Aston-Villa,Brighton-and-Hove-Albion,W,Home,6,1,1.6,1.7,39,1.3333333333333333,1.3333333333333333,1.5666666666666664,1.6666666666666667,50.0
348,7,Bournemouth,Arsenal,L,Home,0,4,0.6,3.4,43,1.0,1.6666666666666667,1.4000000000000004,2.1999999999999997,38.333333333333336
44,7,Brentford,Nottingham-Forest,D,Away,1,1,1.6,0.5,59,1.0,2.0,1.4666666666666668,1.8,53.666666666666664
82,7,Brighton-and-Hove-Albion,Aston-Villa,L,Away,1,6,1.7,1.6,61,3.0,1.0,1.6333333333333335,1.0999999999999999,57.666666666666664
575,7,Burnley,Newcastle-United,L,Away,0,2,0.6,3.1,47,1.0,2.3333333333333335,0.9666666666666668,1.3,54.0
386,7,Chelsea,Fulham,W,Away,2,0,1.7,1.1,44,0.0,0.6666666666666666,1.7999999999999998,0.9333333333333335,64.0
690,7,Crystal-Palace,Manchester-United,W,Away,1,0,0.9,1.3,23,1.3333333333333333,1.6666666666666667,1.2,1.5999999999999999,42.666666666666664
462,7,Everton,Luton-Town,L,Home,1,2,2.9,0.9,67,1.6666666666666667,1.3333333333333333,1.5666666666666667,1.0666666666666667,41.0
120,7,Fulham,Chelsea,L,Home,0,2,1.1,1.7,56,0.6666666666666666,1.6666666666666667,1.0,1.2,52.666666666666664
652,7,Liverpool,Tottenham-Hotspur,L,Away,1,2,1.3,2.2,36,3.0,0.6666666666666666,2.6666666666666665,0.8000000000000002,63.666666666666664
5,7,Luton-Town,Everton,W,Away,2,1,0.9,2.9,33,0.6666666666666666,1.3333333333333333,1.5333333333333332,0.8666666666666667,39.666666666666664
310,7,Manchester-City,Wolverhampton-Wanderers,L,Away,1,2,0.9,0.4,68,3.3333333333333335,0.6666666666666666,2.3666666666666667,1.0999999999999999,64.33333333333333
728,7,Manchester-United,Crystal-Palace,L,Home,0,1,1.3,0.9,77,1.0,2.0,0.9666666666666667,1.7,42.666666666666664
158,7,Newcastle-United,Burnley,W,Home,2,0,3.1,0.6,53,3.3333333333333335,1.0,2.1666666666666665,0.9,52.666666666666664
500,7,Nottingham-Forest,Brentford,D,Home,1,1,0.5,1.6,41,0.6666666666666666,1.0,0.8333333333333334,1.3666666666666665,38.0
234,7,Sheffield-United,West-Ham-United,L,Away,0,2,1.1,2.1,48,1.0,4.0,0.9333333333333332,2.8333333333333335,39.333333333333336
538,7,Tottenham-Hotspur,Liverpool,W,Home,2,1,2.2,1.3,64,3.0,1.6666666666666667,1.9000000000000004,1.2666666666666666,58.666666666666664
196,7,West-Ham-United,Sheffield-United,W,Home,2,0,2.1,1.1,52,1.3333333333333333,2.3333333333333335,1.0,2.6666666666666665,43.333333333333336
272,7,Wolverhampton-Wanderers,Manchester-City,W,Home,2,1,0.4,0.9,32,1.3333333333333333,2.3333333333333335,0.7999999999999999,2.233333333333334,45.0
615,8,Arsenal,Manchester-City,W,Home,1,0,0.4,0.5,49,2.3333333333333335,0.6666666666666666,2.066666666666667,0.7666666666666666,59.333333333333336
425,8,Aston-Villa,Wolverhampton-Wanderers,D,Away,1,1,1.6,1.7,53,3.3333333333333335,0.6666666666666666,1.8666666666666665,1.4000000000000001,50.666666666666664
349,8,Bournemouth,Everton,L,Away,0,3,0.7,2.4,52,0.3333333333333333,2.3333333333333335,0.9000000000000002,2.3666666666666667,39.333333333333336
45,8,Brentford,Manchester-United,L,Away,1,2,0.9,1.4,36,0.6666666666666666,1.6666666666666667,1.0333333333333334,1.2666666666666664,53.333333333333336
83,8,Brighton-and-Hove-Albion,Liverpool,D,Home,2,2,2.3,2.3,46,2.3333333333333335,2.6666666666666665,1.7666666666666666,1.2333333333333334,59.333333333333336
577,8,Burnley,Chelsea,L,Home,1,4,0.7,1.9,38,0.3333333333333333,1.3333333333333333,0.7333333333333334,1.6000000000000003,54.0
387,8,Chelsea,Burnley,W,Away,4,1,1.9,0.7,62,0.6666666666666666,0.3333333333333333,1.5999999999999999,1.0333333333333334,53.666666666666664
691,8,Crystal-Palace,Nottingham-Forest,D,Home,0,0,0.8,1.0,52,0.6666666666666666,1.0,0.7999999999999998,1.6333333333333335,36.0
463,8,Everton,Bournemouth,W,Home,3,0,2.4,0.7,48,1.3333333333333333,1.3333333333333333,1.7,0.9666666666666667,45.333333333333336
121,8,Fulham,Sheffield-United,W,Home,3,1,2.2,0.6,60,0.3333333333333333,0.6666666666666666,0.9,1.0333333333333334,60.666666666666664
653,8,Liverpool,Brighton-and-Hove-Albion,D,Away,2,2,2.3,2.3,54,2.3333333333333335,1.3333333333333333,2.2666666666666666,1.3,54.666666666666664
7,8,Luton-Town,Tottenham-Hotspur,L,Home,0,1,0.8,1.9,34,1.0,1.0,1.366666666666667,1.5,37.666666666666664
311,8,Manchester-City,Arsenal,L,Away,0,1,0.5,0.4,51,2.0,1.0,1.9333333333333336,0.7666666666666666,64.33333333333333
729,8,Manchester-United,Brentford,W,Home,2,1,1.4,0.9,64,0.6666666666666666,1.3333333333333333,1.0999999999999999,1.2333333333333334,53.333333333333336
159,8,Newcastle-United,West-Ham-United,D,Away,2,2,2.0,1.2,64,3.6666666666666665,0.0,2.8000000000000003,0.6666666666666666,55.666666666666664
501,8,Nottingham-Forest,Crystal-Palace,D,Away,0,0,1.0,0.8,48,0.6666666666666666,1.3333333333333333,0.7333333333333334,1.1333333333333335,43.333333333333336
235,8,Sheffield-United,Fulham,L,Away,1,3,0.6,2.2,40,0.3333333333333333,4.0,0.9,2.6999999999999997,40.0
539,8,Tottenham-Hotspur,Luton-Town,W,Away,1,0,1.9,0.8,66,2.0,1.3333333333333333,1.9000000000000001,1.2666666666666666,62.333333333333336
197,8,West-Ham-United,Newcastle-United,D,Home,2,2,1.2,2.0,36,1.3333333333333333,2.0,1.3666666666666665,2.5666666666666664,40.333333333333336
273,8,Wolverhampton-Wanderers,Aston-Villa,D,Home,1,1,1.7,1.6,47,1.3333333333333333,1.6666666666666667,0.5333333333333333,1.8333333333333333,36.666666666666664
616,9,Arsenal,Chelsea,D,Away,2,2,1.0,1.3,56,2.3333333333333335,0.6666666666666666,1.866666666666667,0.8333333333333334,51.0
426,9,Aston-Villa,West-Ham-United,W,Home,4,1,1.9,1.1,58,2.6666666666666665,0.6666666666666666,1.3999999999999997,1.5666666666666664,46.333333333333336
350,9,Bournemouth,Wolverhampton-Wanderers,L,Home,1,2,0.6,2.4,35,0.3333333333333333,3.3333333333333335,0.8000000000000002,2.566666666666667,44.666666666666664
46,9,Brentford,Burnley,W,Home,3,0,3.1,1.1,50,1.0,2.0,1.1666666666666667,1.2666666666666664,50.666666666666664
84,9,Brighton-and-Hove-Albion,Manchester-City,L,Away,1,2,0.8,0.8,45,2.0,3.0,1.9666666666666666,1.6666666666666667,56.0
578,9,Burnley,Brentford,L,Away,0,3,1.1,3.1,50,0.3333333333333333,2.3333333333333335,0.7999999999999999,2.0,48.666666666666664
388,9,Chelsea,Arsenal,D,Home,2,2,1.3,1.0,44,2.0,0.6666666666666666,1.6333333333333335,0.9333333333333332,53.0
692,9,Crystal-Palace,Newcastle-United,L,Away,0,4,1.2,2.4,41,0.3333333333333333,0.0,0.6666666666666665,0.9666666666666667,42.0
464,9,Everton,Liverpool,L,Away,0,2,0.1,2.2,23,2.3333333333333335,1.0,2.4,0.8666666666666667,52.666666666666664
122,9,Fulham,Tottenham-Hotspur,L,Away,0,2,1.0,1.5,45,1.0,1.0,1.3,0.8666666666666667,55.0
654,9,Liverpool,Everton,W,Home,2,0,2.2,0.1,77,2.0,1.6666666666666667,2.2,1.8666666666666665,51.0
8,9,Luton-Town,Nottingham-Forest,D,Away,2,2,1.7,2.9,43,1.0,1.0,1.2666666666666668,1.8,41.333333333333336
312,9,Manchester-City,Brighton-and-Hove-Albion,W,Home,2,1,0.8,0.8,55,1.0,1.0,0.9,0.6,58.666666666666664
730,9,Manchester-United,Sheffield-United,W,Away,2,1,1.1,1.4,62,1.0,0.6666666666666666,1.2333333333333334,0.9666666666666667,60.0
160,9,Newcastle-United,Crystal-Palace,W,Home,4,0,2.4,1.2,59,4.0,0.6666666666666666,3.0,0.8999999999999999,58.333333333333336
502,9,Nottingham-Forest,Luton-Town,D,Home,2,2,2.9,1.7,57,0.3333333333333333,1.0,0.8333333333333334,1.2333333333333334,44.0
236,9,Sheffield-United,Manchester-United,L,Home,1,2,1.4,1.1,38,0.3333333333333333,4.333333333333333,0.8666666666666666,2.733333333333334,43.333333333333336
540,9,Tottenham-Hotspur,Fulham,W,Home,2,0,1.5,1.0,55,1.6666666666666667,1.0,1.8333333333333333,1.3,61.0
198,9,West-Ham-United,Aston-Villa,L,Away,1,4,1.1,1.9,42,1.6666666666666667,1.6666666666666667,1.4666666666666668,2.033333333333333,41.666666666666664
274,9,Wolverhampton-Wanderers,Bournemouth,W,Away,2,1,2.4,0.6,65,1.3333333333333333,1.0,0.8999999999999999,1.5333333333333332,40.666666666666664
617,10,Arsenal,Sheffield-United,W,Home,5,0,2.8,0.0,67,2.3333333333333335,0.6666666666666666,1.6000000000000003,0.7999999999999999,54.0
427,10,Aston-Villa,Luton-Town,W,Home,3,1,2.3,0.5,70,3.6666666666666665,1.0,1.7,1.5,50.0
351,10,Bournemouth,Burnley,W,Home,2,1,1.1,0.8,45,0.3333333333333333,3.0,0.6333333333333334,2.733333333333333,43.333333333333336
47,10,Brentford,Chelsea,W,Away,2,0,2.2,1.9,32,1.6666666666666667,1.0,1.8666666666666665,0.9999999999999999,48.333333333333336
85,10,Brighton-and-Hove-Albion,Fulham,D,Home,1,1,1.4,0.7,71,1.3333333333333333,3.3333333333333335,1.5999999999999999,1.5666666666666667,50.666666666666664
579,10,Burnley,Bournemouth,L,Away,1,2,0.8,1.1,55,0.3333333333333333,3.0,0.7999999999999999,2.7000000000000006,45.0
389,10,Chelsea,Brentford,L,Home,0,2,1.9,2.2,68,2.6666666666666665,1.0,1.6333333333333335,0.9333333333333332,50.0
693,10,Crystal-Palace,Tottenham-Hotspur,L,Home,1,2,0.6,1.1,25,0.3333333333333333,1.3333333333333333,0.9666666666666665,1.5666666666666664,38.666666666666664
465,10,Everton,West-Ham-United,W,Away,1,0,0.8,0.7,36,1.3333333333333333,1.3333333333333333,1.7999999999999998,1.2666666666666668,46.0
123,10,Fulham,Brighton-and-Hove-Albion,D,Away,1,1,0.7,1.4,29,1.0,1.6666666666666667,1.4333333333333336,1.2666666666666668,53.666666666666664
655,10,Liverpool,Nottingham-Forest,W,Home,3,0,3.2,0.4,72,1.6666666666666667,1.3333333333333333,1.9333333333333336,1.5333333333333334,55.666666666666664
9,10,Luton-Town,Aston-Villa,L,Away,1,3,0.5,2.3,30,1.3333333333333333,1.3333333333333333,1.1333333333333333,2.566666666666667,36.666666666666664
313,10,Manchester-City,Manchester-United,W,Away,3,0,4.0,0.9,60,1.0,1.3333333333333333,0.7333333333333334,0.5333333333333333,58.0
731,10,Manchester-United,Manchester-City,L,Home,0,3,0.9,4.0,40,1.3333333333333333,1.0,1.2666666666666666,1.0666666666666667,67.66666666666667
161,10,Newcastle-United,Wolverhampton-Wanderers,D,Away,2,2,2.2,0.9,57,2.6666666666666665,0.6666666666666666,2.5,1.0,58.666666666666664
503,10,Nottingham-Forest,Liverpool,L,Away,0,3,0.4,3.2,28,1.0,1.0,1.4666666666666668,1.366666666666667,48.666666666666664
237,10,Sheffield-United,Arsenal,L,Away,0,5,0.0,2.8,33,0.6666666666666666,2.3333333333333335,1.0333333333333332,1.8,42.0
541,10,Tottenham-Hotspur,Crystal-Palace,W,Away,2,1,1.1,0.6,75,1.6666666666666667,0.3333333333333333,1.8666666666666665,1.0333333333333334,61.666666666666664
199,10,West-Ham-United,Everton,L,Home,0,1,0.7,0.8,64,1.6666666666666667,2.0,1.4666666666666668,1.6666666666666667,43.333333333333336
275,10,Wolverhampton-Wanderers,Newcastle-United,D,Home,2,2,0.9,2.2,43,1.6666666666666667,1.0,1.5,1.0333333333333334,48.0
618,11,Arsenal,Newcastle-United,L,Away,0,1,0.6,1.0,58,2.6666666666666665,0.6666666666666666,1.3999999999999997,0.6,57.333333333333336
428,11,Aston-Villa,Nottingham-Forest,L,Away,0,2,1.2,0.4,73,2.6666666666666665,1.0,1.933333333333333,1.0999999999999999,60.333333333333336
352,11,Bournemouth,Manchester-City,L,Away,1,6,0.9,1.9,35,1.0,2.0,0.8000000000000002,1.866666666666667,44.0
48,11,Brentford,West-Ham-United,W,Home,3,2,1.5,1.8,58,2.0,0.6666666666666666,2.066666666666667,1.4666666666666666,39.333333333333336
86,11,Brighton-and-Hove-Albion,Everton,D,Away,1,1,0.5,0.7,79,1.3333333333333333,1.6666666666666667,1.4999999999999998,1.2666666666666666,54.0
580,11,Burnley,Crystal-Palace,L,Home,0,2,1.1,1.3,67,0.6666666666666666,3.0,0.8666666666666666,2.0333333333333337,47.666666666666664
390,11,Chelsea,Tottenham-Hotspur,W,Away,4,1,4.1,0.9,60,2.0,1.6666666666666667,1.7,1.3,58.0
694,11,Crystal-Palace,Burnley,W,Away,2,0,1.3,1.1,33,0.3333333333333333,2.0,0.8666666666666666,1.5,39.333333333333336
466,11,Everton,Brighton-and-Hove-Albion,D,Home,1,1,0.7,0.5,21,1.3333333333333333,0.6666666666666666,1.0999999999999999,1.2000000000000002,35.666666666666664
124,11,Fulham,Manchester-United,L,Home,0,1,1.0,0.7,45,1.3333333333333333,1.3333333333333333,1.3,1.1666666666666667,44.666666666666664
656,11,Liverpool,Luton-Town,D,Away,1,1,2.6,0.8,73,2.3333333333333335,0.6666666666666666,2.566666666666667,0.9333333333333332,67.66666666666667
10,11,Luton-Town,Liverpool,D,Home,1,1,0.8,2.6,27,1.0,2.0,1.0,2.3666666666666667,35.666666666666664
314,11,Manchester-City,Bournemouth,W,Home,6,1,1.9,0.9,65,1.6666666666666667,0.6666666666666666,1.7666666666666668,0.7000000000000001,55.333333333333336
732,11,Manchester-United,Fulham,W,Away,1,0,0.7,1.0,55,1.3333333333333333,1.6666666666666667,1.1333333333333335,2.1,55.333333333333336
162,11,Newcastle-United,Arsenal,W,Home,1,0,1.0,0.6,42,2.6666666666666665,1.3333333333333333,2.2,1.0999999999999999,60.0
504,11,Nottingham-Forest,Aston-Villa,W,Home,2,0,0.4,1.2,27,0.6666666666666666,1.6666666666666667,1.4333333333333333,1.9000000000000001,44.333333333333336
238,11,Sheffield-United,Wolverhampton-Wanderers,W,Home,2,1,1.0,1.2,39,0.6666666666666666,3.3333333333333335,0.6666666666666665,2.033333333333333,37.0
542,11,Tottenham-Hotspur,Chelsea,L,Home,1,4,0.9,4.1,40,1.6666666666666667,0.3333333333333333,1.5,0.7999999999999999,65.33333333333333
200,11,West-Ham-United,Brentford,L,Away,2,3,1.8,1.5,42,1.0,2.3333333333333335,1.0,1.5666666666666667,47.333333333333336
276,11,Wolverhampton-Wanderers,Sheffield-United,L,Away,1,2,1.2,1.0,61,1.6666666666666667,1.3333333333333333,1.6666666666666667,1.4666666666666668,51.666666666666664
619,12,Arsenal,Burnley,W,Home,3,1,1.8,0.3,63,2.3333333333333335,1.0,1.4666666666666666,0.7666666666666666,60.333333333333336
429,12,Aston-Villa,Fulham,W,Home,3,1,3.0,0.9,51,2.3333333333333335,1.3333333333333333,1.7999999999999998,0.6666666666666666,67.0
353,12,Bournemouth,Newcastle-United,W,Home,2,0,2.4,0.5,48,1.3333333333333333,3.0,0.8666666666666668,1.7000000000000002,38.333333333333336
49,12,Brentford,Liverpool,L,Away,0,3,1.6,1.7,42,2.6666666666666665,0.6666666666666666,2.2666666666666666,1.5999999999999999,46.666666666666664
87,12,Brighton-and-Hove-Albion,Sheffield-United,D,Home,1,1,1.5,1.1,61,1.0,1.3333333333333333,0.8999999999999998,0.7333333333333334,65.0
581,12,Burnley,Arsenal,L,Away,1,3,0.3,1.8,37,0.3333333333333333,2.3333333333333335,1.0,1.8333333333333337,57.333333333333336
391,12,Chelsea,Manchester-City,D,Home,4,4,2.9,2.9,45,2.0,1.6666666666666667,2.433333333333333,1.366666666666667,57.333333333333336
695,12,Crystal-Palace,Everton,L,Home,2,3,2.2,1.5,67,1.0,2.0,1.0333333333333332,1.5333333333333332,33.0
467,12,Everton,Crystal-Palace,W,Away,3,2,1.5,2.2,33,0.6666666666666666,1.0,0.5333333333333333,1.1333333333333335,26.666666666666668
125,12,Fulham,Aston-Villa,L,Away,1,3,0.9,3.0,49,0.3333333333333333,1.3333333333333333,0.9,1.2,39.666666666666664
657,12,Liverpool,Brentford,W,Home,3,0,1.7,1.6,58,2.0,0.3333333333333333,2.6666666666666665,0.43333333333333335,74.0
11,12,Luton-Town,Manchester-United,L,Away,0,1,0.4,2.2,36,1.3333333333333333,2.0,1.0,2.5999999999999996,33.333333333333336
315,12,Manchester-City,Chelsea,D,Away,4,4,2.9,2.9,55,3.6666666666666665,0.6666666666666666,2.233333333333334,0.8666666666666667,60.0
733,12,Manchester-United,Luton-Town,W,Home,1,0,2.2,0.4,64,1.0,1.3333333333333333,0.8999999999999999,2.1333333333333333,52.333333333333336
163,12,Newcastle-United,Bournemouth,L,Away,0,2,0.5,2.4,52,2.3333333333333335,0.6666666666666666,1.8666666666666665,0.8999999999999998,52.666666666666664
505,12,Nottingham-Forest,West-Ham-United,L,Away,2,3,1.7,1.8,46,1.3333333333333333,1.6666666666666667,1.2333333333333334,2.0333333333333337,37.333333333333336
239,12,Sheffield-United,Brighton-and-Hove-Albion,D,Away,1,1,1.1,1.5,39,1.0,2.6666666666666665,0.7999999999999998,1.7,36.666666666666664
543,12,Tottenham-Hotspur,Wolverhampton-Wanderers,L,Away,1,2,0.7,2.1,58,1.6666666666666667,1.6666666666666667,1.1666666666666667,1.8999999999999997,56.666666666666664
201,12,West-Ham-United,Nottingham-Forest,W,Home,3,2,1.8,1.7,54,1.0,2.6666666666666665,1.2,1.4000000000000001,49.333333333333336
277,12,Wolverhampton-Wanderers,Tottenham-Hotspur,W,Home,2,1,2.1,0.7,42,1.6666666666666667,1.6666666666666667,1.5,1.2666666666666668,56.333333333333336
620,13,Arsenal,Brentford,W,Away,1,0,1.6,1.1,63,2.6666666666666665,0.6666666666666666,1.7333333333333332,0.43333333333333335,62.666666666666664
430,13,Aston-Villa,Tottenham-Hotspur,W,Away,2,1,1.7,2.3,38,2.0,1.3333333333333333,2.1666666666666665,0.6,64.66666666666667
354,13,Bournemouth,Sheffield-United,W,Away,3,1,2.9,0.8,54,1.6666666666666667,2.3333333333333335,1.4666666666666668,1.0666666666666667,42.666666666666664
50,13,Brentford,Arsenal,L,Home,0,1,1.1,1.6,37,1.6666666666666667,1.6666666666666667,1.7666666666666668,1.7999999999999998,44.0
88,13,Brighton-and-Hove-Albion,Nottingham-Forest,W,Away,3,2,1.3,1.9,53,1.0,1.0,1.133333333333333,0.8333333333333334,70.33333333333333
582,13,Burnley,West-Ham-United,L,Home,1,2,1.3,0.9,50,0.6666666666666666,2.3333333333333335,0.7333333333333334,1.4000000000000004,53.0
392,13,Chelsea,Newcastle-United,L,Away,1,4,0.5,2.4,46,2.6666666666666665,2.3333333333333335,2.966666666666667,2.0,57.666666666666664
696,13,Crystal-Palace,Luton-Town,L,Away,1,2,1.6,0.9,61,1.6666666666666667,1.6666666666666667,1.3666666666666665,1.2333333333333334,41.666666666666664
468,13,Everton,Manchester-United,L,Home,0,3,2.4,2.2,51,1.6666666666666667,1.0,1.0,1.1333333333333335,30.0
126,13,Fulham,Wolverhampton-Wanderers,W,Home,3,2,2.9,1.4,60,0.6666666666666666,1.6666666666666667,0.8666666666666667,1.7,41.0
658,13,Liverpool,Manchester-City,D,Away,1,1,0.6,1.3,41,2.3333333333333335,0.3333333333333333,2.5000000000000004,0.9333333333333332,67.66666666666667
12,13,Luton-Town,Crystal-Palace,W,Home,2,1,0.9,1.6,39,0.6666666666666666,1.6666666666666667,0.5666666666666668,2.3666666666666667,31.0
316,13,Manchester-City,Liverpool,D,Home,1,1,1.3,0.6,59,4.333333333333333,1.6666666666666667,2.9333333333333336,1.5666666666666667,60.0
734,13,Manchester-United,Everton,W,Away,3,0,2.2,2.4,49,0.6666666666666666,1.0,1.2666666666666666,1.8000000000000005,53.0
164,13,Newcastle-United,Chelsea,W,Home,4,1,2.4,0.5,54,1.0,1.3333333333333333,1.2333333333333334,1.3,50.333333333333336
506,13,Nottingham-Forest,Brighton-and-Hove-Albion,L,Home,2,3,1.9,1.3,47,1.3333333333333333,2.0,0.8333333333333334,2.066666666666667,33.666666666666664
240,13,Sheffield-United,Bournemouth,L,Home,1,3,0.8,2.9,46,1.0,2.3333333333333335,0.6999999999999998,1.8333333333333333,37.0
544,13,Tottenham-Hotspur,Aston-Villa,L,Home,1,2,2.3,1.7,62,1.3333333333333333,2.3333333333333335,0.9,2.266666666666666,57.666666666666664
202,13,West-Ham-United,Burnley,W,Away,2,1,0.9,1.3,50,1.6666666666666667,2.0,1.4333333333333333,1.3333333333333333,53.333333333333336
278,13,Wolverhampton-Wanderers,Fulham,L,Away,2,3,1.4,2.9,40,1.6666666666666667,1.6666666666666667,1.4000000000000001,1.3,48.666666666666664
621,14,Arsenal,Wolverhampton-Wanderers,W,Home,2,1,2.8,0.7,57,1.3333333333333333,0.6666666666666666,1.3333333333333333,0.8000000000000002,61.333333333333336
431,14,Aston-Villa,Bournemouth,D,Away,2,2,0.7,2.0,62,1.6666666666666667,1.3333333333333333,1.9666666666666666,1.2,54.0
355,14,Bournemouth,Aston-Villa,D,Home,2,2,2.0,0.7,38,2.0,2.3333333333333335,2.066666666666667,1.0666666666666669,45.666666666666664
51,14,Brentford,Luton-Town,W,Home,3,1,3.1,0.2,68,1.0,2.0,1.4000000000000001,1.7,45.666666666666664
89,14,Brighton-and-Hove-Albion,Chelsea,L,Away,2,3,1.1,2.1,68,1.6666666666666667,1.3333333333333333,1.0999999999999999,1.2333333333333334,64.33333333333333
583,14,Burnley,Sheffield-United,W,Home,5,0,1.8,0.4,63,0.6666666666666666,2.3333333333333335,0.9,1.3333333333333337,51.333333333333336
393,14,Chelsea,Brighton-and-Hove-Albion,W,Home,3,2,2.1,1.1,32,3.0,3.0,2.5,2.0666666666666664,50.333333333333336
697,14,Crystal-Palace,West-Ham-United,D,Away,1,1,0.9,1.1,45,1.6666666666666667,1.6666666666666667,1.7,1.1666666666666667,53.666666666666664
469,14,Everton,Nottingham-Forest,W,Away,1,0,0.7,0.7,39,1.3333333333333333,2.0,1.5333333333333332,1.6333333333333335,35.0
127,14,Fulham,Liverpool,L,Away,3,4,1.2,2.1,39,1.3333333333333333,2.0,1.5999999999999999,1.7,51.333333333333336
659,14,Liverpool,Fulham,W,Home,4,3,2.1,1.2,61,1.6666666666666667,0.6666666666666666,1.6333333333333335,1.2333333333333334,57.333333333333336
13,14,Luton-Town,Brentford,L,Away,1,3,0.2,3.1,32,1.0,1.0,0.7000000000000001,2.1333333333333333,34.0
317,14,Manchester-City,Tottenham-Hotspur,D,Home,3,3,2.6,0.5,55,3.6666666666666665,2.0,2.0333333333333337,1.4666666666666666,59.666666666666664
735,14,Manchester-United,Newcastle-United,L,Away,0,1,0.5,2.4,42,1.6666666666666667,0.0,1.7,1.2666666666666668,56.0
165,14,Newcastle-United,Manchester-United,W,Home,1,0,2.4,0.5,58,1.6666666666666667,1.0,1.3,1.1666666666666667,49.333333333333336
507,14,Nottingham-Forest,Everton,L,Home,0,1,0.7,0.7,61,2.0,2.0,1.3333333333333333,1.4333333333333333,40.0
241,14,Sheffield-United,Burnley,L,Away,0,5,0.4,1.8,37,1.3333333333333333,1.6666666666666667,0.9666666666666665,1.8666666666666665,41.333333333333336
545,14,Tottenham-Hotspur,Manchester-City,D,Away,3,3,0.5,2.6,45,1.0,2.6666666666666665,1.3,2.6333333333333333,53.333333333333336
203,14,West-Ham-United,Crystal-Palace,D,Home,1,1,1.1,0.9,55,2.3333333333333335,2.0,1.5,1.5,48.666666666666664
279,14,Wolverhampton-Wanderers,Arsenal,L,Away,1,2,0.7,2.8,43,1.6666666666666667,2.0,1.5666666666666667,1.5333333333333332,47.666666666666664
622,15,Arsenal,Luton-Town,W,Away,4,3,2.2,0.5,66,2.0,0.6666666666666666,2.0666666666666664,0.7000000000000001,61.0
432,15,Aston-Villa,Manchester-City,W,Home,1,0,2.3,0.6,46,2.3333333333333335,1.3333333333333333,1.7999999999999996,1.7333333333333332,50.333333333333336
356,15,Bournemouth,Crystal-Palace,W,Away,2,0,1.8,1.0,41,2.3333333333333335,1.0,2.433333333333333,0.6666666666666669,46.666666666666664
52,15,Brentford,Brighton-and-Hove-Albion,L,Away,1,2,1.5,1.5,39,1.0,1.6666666666666667,1.9333333333333336,1.1666666666666667,49.0
90,15,Brighton-and-Hove-Albion,Brentford,W,Home,2,1,1.5,1.5,61,2.0,2.0,1.2999999999999998,1.7,60.666666666666664
584,15,Burnley,Wolverhampton-Wanderers,L,Away,0,1,0.9,0.8,49,2.3333333333333335,1.6666666666666667,1.1333333333333335,1.0333333333333339,50.0
394,15,Chelsea,Manchester-United,L,Away,1,2,1.5,4.1,55,2.6666666666666665,3.3333333333333335,1.8333333333333333,2.1333333333333333,41.0
698,15,Crystal-Palace,Bournemouth,L,Home,0,2,1.0,1.8,59,1.3333333333333333,2.0,1.5666666666666667,1.1666666666666667,57.666666666666664
470,15,Everton,Newcastle-United,W,Home,3,0,3.3,1.5,38,1.3333333333333333,1.6666666666666667,1.5333333333333332,1.7000000000000002,41.0
128,15,Fulham,Nottingham-Forest,W,Home,5,0,2.5,0.3,63,2.3333333333333335,3.0,1.6666666666666667,2.1666666666666665,49.333333333333336
660,15,Liverpool,Sheffield-United,W,Away,2,0,1.7,1.0,75,2.6666666666666665,1.3333333333333333,1.4666666666666668,1.366666666666667,53.333333333333336
14,15,Luton-Town,Arsenal,L,Home,3,4,0.5,2.2,34,1.0,1.6666666666666667,0.5,2.3000000000000003,35.666666666666664
318,15,Manchester-City,Aston-Villa,L,Away,0,1,0.6,2.3,54,2.6666666666666665,2.6666666666666665,2.266666666666667,1.3333333333333333,56.333333333333336
736,15,Manchester-United,Chelsea,W,Home,2,1,4.1,1.5,45,1.3333333333333333,0.3333333333333333,1.6333333333333335,1.7333333333333336,51.666666666666664
166,15,Newcastle-United,Everton,L,Away,0,3,1.5,3.3,62,1.6666666666666667,1.0,1.7666666666666666,1.1333333333333333,54.666666666666664
508,15,Nottingham-Forest,Fulham,L,Away,0,5,0.3,2.5,37,1.3333333333333333,2.3333333333333335,1.4333333333333333,1.2666666666666666,51.333333333333336
242,15,Sheffield-United,Liverpool,L,Home,0,2,1.0,1.7,25,0.6666666666666666,3.0,0.7666666666666666,2.0666666666666664,40.666666666666664
546,15,Tottenham-Hotspur,West-Ham-United,L,Home,1,2,1.8,2.2,74,1.6666666666666667,2.3333333333333335,1.1666666666666667,2.1333333333333333,55.0
204,15,West-Ham-United,Tottenham-Hotspur,W,Away,2,1,2.2,1.8,26,2.0,1.3333333333333333,1.2666666666666668,1.3,53.0
280,15,Wolverhampton-Wanderers,Burnley,W,Home,1,0,0.8,0.9,51,1.6666666666666667,2.0,1.4000000000000001,2.1333333333333333,41.666666666666664
623,16,Arsenal,Aston-Villa,L,Away,0,1,1.4,0.6,61,2.3333333333333335,1.3333333333333333,2.1999999999999997,0.7666666666666666,62.0
433,16,Aston-Villa,Arsenal,W,Home,1,0,0.6,1.4,39,1.6666666666666667,1.0,1.5666666666666664,1.633333333333333,48.666666666666664
357,16,Bournemouth,Manchester-United,W,Away,3,0,1.5,1.1,32,2.3333333333333335,1.0,2.2333333333333334,0.8333333333333335,44.333333333333336
53,16,Brentford,Sheffield-United,L,Away,0,1,0.6,0.8,59,1.3333333333333333,1.3333333333333333,1.9000000000000004,1.0999999999999999,48.0
91,16,Brighton-and-Hove-Albion,Burnley,D,Home,1,1,2.6,0.6,72,2.3333333333333335,2.0,1.2999999999999998,1.8333333333333333,60.666666666666664
585,16,Burnley,Brighton-and-Hove-Albion,D,Away,1,1,0.6,2.6,28,2.0,1.0,1.3333333333333333,0.7000000000000003,54.0
395,16,Chelsea,Everton,L,Away,0,2,0.9,1.2,71,1.6666666666666667,2.6666666666666665,1.3666666666666665,2.533333333333333,44.333333333333336
699,16,Crystal-Palace,Liverpool,L,Home,1,2,1.7,1.2,24,0.6666666666666666,1.6666666666666667,1.1666666666666665,1.2666666666666666,55.0
471,16,Everton,Chelsea,W,Home,2,0,1.2,0.9,29,1.3333333333333333,1.0,2.1333333333333333,1.4666666666666668,42.666666666666664
129,16,Fulham,West-Ham-United,W,Home,5,0,2.3,1.3,63,3.6666666666666665,2.0,2.1999999999999997,1.2666666666666664,54.0
661,16,Liverpool,Crystal-Palace,W,Away,2,1,1.2,1.7,76,2.3333333333333335,1.3333333333333333,1.4666666666666668,1.1666666666666667,59.0
15,16,Luton-Town,Manchester-City,L,Home,1,2,0.3,1.6,35,2.0,2.6666666666666665,0.5333333333333333,2.3000000000000003,35.0
319,16,Manchester-City,Luton-Town,W,Away,2,1,1.6,0.3,65,1.3333333333333333,1.6666666666666667,1.5000000000000002,1.1333333333333333,56.0
737,16,Manchester-United,Bournemouth,L,Home,0,3,1.1,1.5,68,1.6666666666666667,0.6666666666666666,2.2666666666666666,2.1,45.333333333333336
167,16,Newcastle-United,Tottenham-Hotspur,L,Away,1,4,1.7,3.8,44,1.6666666666666667,1.3333333333333333,2.1,1.4333333333333333,58.0
509,16,Nottingham-Forest,Wolverhampton-Wanderers,D,Away,1,1,1.3,1.2,32,0.6666666666666666,3.0,0.9666666666666667,1.5,48.333333333333336
243,16,Sheffield-United,Brentford,W,Home,1,0,0.8,0.6,41,0.3333333333333333,3.3333333333333335,0.7333333333333333,2.1333333333333333,36.0
547,16,Tottenham-Hotspur,Newcastle-United,W,Home,4,1,3.8,1.7,56,1.6666666666666667,2.3333333333333335,1.5333333333333332,2.166666666666667,60.333333333333336
205,16,West-Ham-United,Fulham,L,Away,0,5,1.3,2.3,37,1.6666666666666667,1.0,1.4000000000000001,1.3333333333333333,43.666666666666664
281,16,Wolverhampton-Wanderers,Nottingham-Forest,D,Home,1,1,1.2,1.3,68,1.3333333333333333,1.6666666666666667,0.9666666666666667,2.1999999999999997,44.666666666666664
624,17,Arsenal,Brighton-and-Hove-Albion,W,Home,2,0,2.3,0.7,49,2.0,1.6666666666666667,2.1333333333333333,0.6,61.333333333333336
434,17,Aston-Villa,Brentford,W,Away,2,1,1.4,0.5,66,1.3333333333333333,0.6666666666666666,1.1999999999999995,1.3333333333333333,49.0
369,17,Bournemouth,Luton-Town,W,Home,4,3,2.3,2.0,59,2.3333333333333335,0.6666666666666666,1.7666666666666668,0.9333333333333336,37.0
54,17,Brentford,Aston-Villa,L,Home,1,2,0.5,1.4,34,1.3333333333333333,1.3333333333333333,1.7333333333333334,0.8333333333333331,55.333333333333336
92,17,Brighton-and-Hove-Albion,Arsenal,L,Away,0,2,0.7,2.3,51,1.6666666666666667,1.6666666666666667,1.7333333333333334,1.3999999999999997,67.0
586,17,Burnley,Everton,L,Home,0,2,0.7,1.4,61,2.0,0.6666666666666666,1.0999999999999999,1.266666666666667,46.666666666666664
396,17,Chelsea,Sheffield-United,W,Home,2,0,3.1,0.4,78,1.3333333333333333,2.0,1.5,2.1333333333333333,52.666666666666664
700,17,Crystal-Palace,Manchester-City,D,Away,2,2,1.8,1.6,26,0.6666666666666666,1.6666666666666667,1.2,1.3666666666666665,42.666666666666664
472,17,Everton,Burnley,W,Away,2,0,1.4,0.7,39,2.0,0.0,1.7333333333333332,1.0333333333333334,35.333333333333336
130,17,Fulham,Newcastle-United,L,Away,0,3,0.3,3.5,30,4.333333333333333,1.3333333333333333,2.0,1.2333333333333332,55.0
662,17,Liverpool,Manchester-United,D,Home,0,0,2.3,0.8,68,2.6666666666666665,1.3333333333333333,1.6666666666666667,1.3,70.66666666666667
27,17,Luton-Town,Bournemouth,L,Away,3,4,2.0,2.3,41,1.6666666666666667,3.0,0.3333333333333333,2.3000000000000003,33.666666666666664
320,17,Manchester-City,Crystal-Palace,D,Home,2,2,1.6,1.8,74,1.6666666666666667,1.6666666666666667,1.6000000000000005,1.0333333333333332,58.0
738,17,Manchester-United,Liverpool,D,Away,0,0,0.8,2.3,32,0.6666666666666666,1.6666666666666667,1.8999999999999997,1.8,51.666666666666664
168,17,Newcastle-United,Fulham,W,Home,3,0,3.5,0.3,70,0.6666666666666666,2.3333333333333335,1.8666666666666665,2.533333333333333,54.666666666666664
510,17,Nottingham-Forest,Tottenham-Hotspur,L,Home,0,2,1.3,1.5,34,0.3333333333333333,2.3333333333333335,0.7666666666666666,1.4666666666666668,43.333333333333336
244,17,Sheffield-United,Chelsea,L,Away,0,2,0.4,3.1,22,0.3333333333333333,2.3333333333333335,0.7333333333333333,1.3666666666666665,34.333333333333336
548,17,Tottenham-Hotspur,Nottingham-Forest,W,Away,2,0,1.5,1.3,66,2.6666666666666665,2.0,2.033333333333333,2.166666666666667,58.333333333333336
206,17,West-Ham-United,Wolverhampton-Wanderers,W,Home,3,0,1.1,0.7,45,1.0,2.3333333333333335,1.5333333333333334,1.6666666666666667,39.333333333333336
282,17,Wolverhampton-Wanderers,West-Ham-United,L,Away,0,3,0.7,1.1,55,1.0,1.0,0.9,1.6666666666666667,54.0
625,18,Arsenal,Liverpool,D,Away,1,1,0.7,1.0,48,2.0,1.3333333333333333,1.9666666666666668,0.6,58.666666666666664
435,18,Aston-Villa,Sheffield-United,D,Home,1,1,0.9,0.6,77,1.3333333333333333,0.3333333333333333,1.433333333333333,0.8333333333333331,50.333333333333336
358,18,Bournemouth,Nottingham-Forest,W,Away,3,2,1.6,1.0,66,3.0,1.0,1.866666666666667,1.366666666666667,44.0
62,18,Brentford,Manchester-City,L,Away,0,1,0.4,2.3,30,0.6666666666666666,1.6666666666666667,0.8666666666666667,1.2333333333333332,44.0
93,18,Brighton-and-Hove-Albion,Crystal-Palace,D,Away,1,1,1.2,1.3,65,1.0,1.3333333333333333,1.5999999999999999,1.4666666666666668,61.333333333333336
587,18,Burnley,Fulham,W,Away,2,0,0.4,1.3,34,0.3333333333333333,1.3333333333333333,0.7333333333333334,1.6000000000000003,46.0
397,18,Chelsea,Wolverhampton-Wanderers,L,Away,1,2,2.0,1.3,68,1.0,1.3333333333333333,1.8333333333333333,1.8999999999999997,68.0
701,18,Crystal-Palace,Brighton-and-Hove-Albion,D,Home,1,1,1.3,1.2,35,1.0,2.0,1.5,1.5333333333333332,36.333333333333336
473,18,Everton,Tottenham-Hotspur,L,Away,1,2,1.8,1.5,39,2.3333333333333335,0.0,1.9666666666666666,1.0333333333333334,35.333333333333336
131,18,Fulham,Burnley,L,Home,0,2,1.3,0.4,66,3.3333333333333335,1.0,1.7,1.7,52.0
663,18,Liverpool,Arsenal,D,Home,1,1,1.0,0.7,52,1.3333333333333333,0.3333333333333333,1.7333333333333334,1.1666666666666667,73.0
16,18,Luton-Town,Newcastle-United,W,Home,1,0,1.4,1.4,35,2.3333333333333335,3.3333333333333335,0.9333333333333332,2.033333333333333,36.666666666666664
328,18,Manchester-City,Brentford,W,Home,1,0,2.3,0.4,70,1.3333333333333333,1.3333333333333333,1.266666666666667,1.4666666666666668,64.33333333333333
739,18,Manchester-United,West-Ham-United,L,Away,0,2,1.0,1.2,65,0.6666666666666666,1.3333333333333333,2.0,1.7666666666666668,48.333333333333336
169,18,Newcastle-United,Luton-Town,L,Away,0,1,1.4,1.4,65,1.3333333333333333,2.3333333333333335,2.233333333333333,2.4666666666666663,58.666666666666664
511,18,Nottingham-Forest,Bournemouth,L,Home,2,3,1.0,1.6,34,0.3333333333333333,2.6666666666666665,0.9666666666666668,1.7333333333333334,34.333333333333336
245,18,Sheffield-United,Aston-Villa,D,Away,1,1,0.6,0.9,23,0.3333333333333333,1.3333333333333333,0.7333333333333333,1.8,29.333333333333332
549,18,Tottenham-Hotspur,Everton,W,Home,2,1,1.5,1.8,61,2.3333333333333335,1.0,2.3666666666666667,1.7333333333333334,65.33333333333333
207,18,West-Ham-United,Manchester-United,W,Home,2,0,1.2,1.0,35,1.6666666666666667,2.0,1.5333333333333334,1.5999999999999999,36.0
283,18,Wolverhampton-Wanderers,Chelsea,W,Home,2,1,1.3,2.0,32,0.6666666666666666,1.3333333333333333,0.8999999999999999,1.1,58.0
626,19,Arsenal,West-Ham-United,L,Home,0,2,2.7,1.4,73,1.0,0.6666666666666666,1.4666666666666666,0.7666666666666666,52.666666666666664
436,19,Aston-Villa,Manchester-United,L,Away,2,3,1.7,1.1,54,1.3333333333333333,0.6666666666666666,0.9666666666666663,0.8333333333333331,60.666666666666664
359,19,Bournemouth,Fulham,W,Home,3,0,1.8,0.3,43,3.3333333333333335,1.6666666666666667,1.8,1.366666666666667,52.333333333333336
55,19,Brentford,Wolverhampton-Wanderers,L,Home,1,4,2.2,2.4,60,0.3333333333333333,1.3333333333333333,0.5,1.4999999999999998,41.0
94,19,Brighton-and-Hove-Albion,Tottenham-Hotspur,W,Home,4,2,3.2,2.3,45,0.6666666666666666,1.3333333333333333,1.5,1.4000000000000001,62.666666666666664
588,19,Burnley,Liverpool,L,Home,0,2,0.8,1.8,32,1.0,1.0,0.5666666666666668,1.7666666666666668,41.0
398,19,Chelsea,Crystal-Palace,W,Home,2,1,2.6,1.1,63,1.0,1.3333333333333333,2.0,0.9666666666666667,72.33333333333333
702,19,Crystal-Palace,Chelsea,L,Away,1,2,1.1,2.6,37,1.3333333333333333,1.6666666666666667,1.5999999999999999,1.3333333333333333,28.333333333333332
474,19,Everton,Manchester-City,L,Home,1,3,1.0,2.4,28,1.6666666666666667,0.6666666666666666,1.4666666666666666,1.0333333333333332,35.666666666666664
132,19,Fulham,Bournemouth,L,Away,0,3,0.3,1.8,57,1.6666666666666667,1.6666666666666667,1.3,1.7333333333333334,53.0
664,19,Liverpool,Burnley,W,Away,2,0,1.8,0.8,68,1.0,0.6666666666666666,1.5,1.0666666666666667,65.33333333333333
17,19,Luton-Town,Sheffield-United,W,Away,3,2,0.6,2.4,49,1.6666666666666667,2.0,1.2333333333333334,1.7666666666666666,37.0
321,19,Manchester-City,Everton,W,Away,3,1,2.4,1.0,72,1.6666666666666667,1.0,1.8333333333333337,0.8333333333333334,69.66666666666667
740,19,Manchester-United,Aston-Villa,W,Home,3,2,1.1,1.7,46,0.0,1.6666666666666667,0.9666666666666668,1.666666666666667,55.0
170,19,Newcastle-United,Nottingham-Forest,L,Home,1,3,2.4,3.5,62,1.3333333333333333,1.6666666666666667,2.1999999999999997,1.8333333333333333,59.666666666666664
512,19,Nottingham-Forest,Newcastle-United,W,Away,3,1,3.5,2.4,38,1.0,2.0,1.2000000000000002,1.4333333333333333,33.333333333333336
246,19,Sheffield-United,Luton-Town,L,Home,2,3,2.4,0.6,51,0.6666666666666666,1.0,0.6,1.5333333333333334,28.666666666666668
550,19,Tottenham-Hotspur,Brighton-and-Hove-Albion,L,Away,2,4,2.3,3.2,55,2.6666666666666665,0.6666666666666666,2.2666666666666666,1.5999999999999999,61.0
208,19,West-Ham-United,Arsenal,W,Away,2,0,1.4,2.7,27,1.6666666666666667,1.6666666666666667,1.2,1.3333333333333333,39.0
284,19,Wolverhampton-Wanderers,Brentford,W,Away,4,1,2.4,2.2,40,1.0,1.6666666666666667,1.0666666666666667,1.4666666666666668,51.666666666666664
627,20,Arsenal,Fulham,L,Away,1,2,1.6,1.2,60,1.0,1.0,1.8999999999999997,1.0333333333333332,56.666666666666664
437,20,Aston-Villa,Burnley,W,Home,3,2,3.2,1.2,64,1.6666666666666667,1.6666666666666667,1.333333333333333,0.7333333333333333,65.66666666666667
360,20,Bournemouth,Tottenham-Hotspur,L,Away,1,3,1.7,2.3,50,3.3333333333333335,1.6666666666666667,1.9000000000000004,1.1000000000000003,56.0
56,20,Brentford,Crystal-Palace,L,Away,1,3,1.4,1.0,54,0.6666666666666666,2.3333333333333335,1.0333333333333334,2.033333333333333,41.333333333333336
95,20,Brighton-and-Hove-Albion,West-Ham-United,D,Away,0,0,2.3,0.7,68,1.6666666666666667,1.6666666666666667,1.7,1.9666666666666668,53.666666666666664
589,20,Burnley,Aston-Villa,L,Away,2,3,1.2,3.2,36,0.6666666666666666,1.3333333333333333,0.6333333333333333,1.5000000000000002,42.333333333333336
399,20,Chelsea,Luton-Town,W,Away,3,2,1.5,2.3,48,1.6666666666666667,1.0,2.5666666666666664,0.9333333333333332,69.66666666666667
703,20,Crystal-Palace,Brentford,W,Home,3,1,1.0,1.4,46,1.3333333333333333,1.6666666666666667,1.3999999999999997,1.8,32.666666666666664
475,20,Everton,Wolverhampton-Wanderers,L,Away,0,3,0.4,1.9,47,1.3333333333333333,1.6666666666666667,1.3999999999999997,1.5333333333333332,35.333333333333336
133,20,Fulham,Arsenal,W,Home,2,1,1.2,1.6,40,0.0,2.6666666666666665,0.6333333333333334,1.8999999999999997,51.0
665,20,Liverpool,Newcastle-United,W,Home,4,2,7.0,0.6,61,1.0,0.3333333333333333,1.7000000000000002,0.7666666666666666,62.666666666666664
18,20,Luton-Town,Chelsea,L,Home,2,3,2.3,1.5,52,2.3333333333333335,2.0,1.3333333333333333,2.033333333333333,41.666666666666664
322,20,Manchester-City,Sheffield-United,W,Home,2,0,2.2,0.3,80,2.0,1.0,2.1,1.0666666666666667,72.0
741,20,Manchester-United,Nottingham-Forest,L,Away,1,2,0.8,0.7,56,1.0,1.3333333333333333,0.9666666666666668,1.7333333333333336,47.666666666666664
171,20,Newcastle-United,Liverpool,L,Away,2,4,0.6,7.0,39,1.3333333333333333,1.3333333333333333,2.433333333333333,1.7333333333333334,65.66666666666667
513,20,Nottingham-Forest,Manchester-United,W,Home,2,1,0.7,0.8,44,1.6666666666666667,2.0,1.9333333333333336,1.8333333333333333,35.333333333333336
247,20,Sheffield-United,Manchester-City,L,Away,0,2,0.3,2.2,20,1.0,2.0,1.133333333333333,1.5333333333333334,32.0
551,20,Tottenham-Hotspur,Bournemouth,W,Home,3,1,2.3,1.7,50,2.0,1.6666666666666667,1.7666666666666666,2.1,60.666666666666664
209,20,West-Ham-United,Brighton-and-Hove-Albion,D,Home,0,0,0.7,2.3,32,2.3333333333333335,0.0,1.2333333333333332,1.4666666666666668,35.666666666666664
285,20,Wolverhampton-Wanderers,Everton,W,Home,3,0,1.9,0.4,53,2.0,1.6666666666666667,1.4666666666666666,1.7666666666666668,42.333333333333336
628,21,Arsenal,Crystal-Palace,W,Home,5,0,3.3,0.3,60,0.6666666666666666,1.6666666666666667,1.6666666666666667,1.2,60.333333333333336
438,21,Aston-Villa,Everton,D,Away,0,0,1.2,1.1,68,2.0,2.0,1.933333333333333,0.9666666666666665,65.0
361,21,Bournemouth,Liverpool,L,Home,0,4,1.4,1.5,40,2.3333333333333335,1.6666666666666667,1.7000000000000004,1.2000000000000002,53.0
57,21,Brentford,Nottingham-Forest,W,Home,3,2,1.2,1.2,48,0.6666666666666666,2.6666666666666665,1.3333333333333333,1.8999999999999997,48.0
96,21,Brighton-and-Hove-Albion,Wolverhampton-Wanderers,D,Home,0,0,1.0,1.1,72,1.6666666666666667,1.0,2.233333333333333,1.4333333333333333,59.333333333333336
590,21,Burnley,Luton-Town,D,Home,1,1,1.1,0.9,39,1.3333333333333333,1.6666666666666667,0.8000000000000002,2.1,34.0
400,21,Chelsea,Fulham,W,Home,1,0,2.2,0.8,55,2.0,1.6666666666666667,2.033333333333333,1.5666666666666664,59.666666666666664
704,21,Crystal-Palace,Arsenal,L,Away,0,5,0.3,3.3,40,1.6666666666666667,1.3333333333333333,1.1333333333333333,1.7333333333333334,39.333333333333336
476,21,Everton,Aston-Villa,D,Home,0,0,1.1,1.2,32,0.6666666666666666,2.6666666666666665,1.0666666666666667,1.9333333333333333,38.0
134,21,Fulham,Chelsea,L,Away,0,1,0.8,2.2,45,0.6666666666666666,2.0,0.9333333333333332,1.2666666666666666,54.333333333333336
666,21,Liverpool,Bournemouth,W,Away,4,0,1.5,1.4,60,2.3333333333333335,1.0,3.266666666666667,0.7000000000000001,60.333333333333336
19,21,Luton-Town,Burnley,D,Away,1,1,0.9,1.1,61,2.0,1.6666666666666667,1.4333333333333333,1.7666666666666666,45.333333333333336
323,21,Manchester-City,Newcastle-United,W,Away,3,2,3.0,1.3,72,2.0,0.3333333333333333,2.3000000000000003,0.5666666666666667,74.0
742,21,Manchester-United,Tottenham-Hotspur,D,Home,2,2,0.8,1.2,37,1.3333333333333333,2.0,0.9666666666666668,1.2000000000000002,55.666666666666664
172,21,Newcastle-United,Manchester-City,L,Home,2,3,1.3,3.0,28,1.0,2.6666666666666665,1.4666666666666666,3.966666666666667,55.333333333333336
514,21,Nottingham-Forest,Brentford,L,Away,2,3,1.2,1.2,52,2.3333333333333335,1.6666666666666667,1.7333333333333334,1.5999999999999999,38.666666666666664
248,21,Sheffield-United,West-Ham-United,D,Home,2,2,2.5,2.3,57,1.0,2.0,1.0999999999999999,1.2333333333333334,31.333333333333332
552,21,Tottenham-Hotspur,Manchester-United,D,Away,2,2,1.2,0.8,63,2.3333333333333335,2.0,2.033333333333333,2.2333333333333334,55.333333333333336
210,21,West-Ham-United,Sheffield-United,D,Away,2,2,2.3,2.5,43,1.3333333333333333,0.0,1.0999999999999999,2.0,31.333333333333332
286,21,Wolverhampton-Wanderers,Brighton-and-Hove-Albion,D,Away,0,0,1.1,1.0,28,3.0,0.6666666666666666,1.8666666666666665,1.5333333333333334,41.666666666666664
629,22,Arsenal,Nottingham-Forest,W,Away,2,1,1.2,0.5,73,2.0,1.3333333333333333,2.533333333333333,0.9666666666666667,64.33333333333333
439,22,Aston-Villa,Newcastle-United,L,Home,1,3,1.4,2.6,61,1.6666666666666667,1.6666666666666667,2.0333333333333328,1.133333333333333,62.0
362,22,Bournemouth,West-Ham-United,D,Away,1,1,1.2,1.4,52,1.3333333333333333,2.3333333333333335,1.6333333333333335,1.366666666666667,44.333333333333336
58,22,Brentford,Tottenham-Hotspur,L,Away,2,3,1.6,2.9,33,1.6666666666666667,3.0,1.5999999999999999,1.5333333333333332,54.0
97,22,Brighton-and-Hove-Albion,Luton-Town,L,Away,0,4,0.9,3.1,59,1.3333333333333333,0.6666666666666666,2.1666666666666665,1.366666666666667,61.666666666666664
591,22,Burnley,Manchester-City,L,Away,1,3,1.4,1.7,26,1.0,2.0,1.0333333333333334,1.966666666666667,35.666666666666664
401,22,Chelsea,Liverpool,L,Away,1,4,0.6,2.9,50,2.0,1.0,2.1,1.3999999999999997,55.333333333333336
705,22,Crystal-Palace,Sheffield-United,W,Home,3,2,1.1,0.8,53,1.3333333333333333,2.6666666666666665,0.7999999999999998,2.433333333333333,41.0
477,22,Everton,Fulham,D,Away,0,0,1.9,1.6,30,0.3333333333333333,2.0,0.8333333333333331,1.8333333333333333,35.666666666666664
135,22,Fulham,Everton,D,Home,0,0,1.6,1.9,70,0.6666666666666666,1.6666666666666667,0.7666666666666666,1.8666666666666665,47.333333333333336
667,22,Liverpool,Chelsea,W,Home,4,1,2.9,0.6,50,3.3333333333333335,0.6666666666666666,3.4333333333333336,0.9333333333333332,63.0
20,22,Luton-Town,Brighton-and-Hove-Albion,W,Home,4,0,3.1,0.9,41,2.0,2.0,1.2666666666666666,1.6666666666666667,54.0
324,22,Manchester-City,Burnley,W,Home,3,1,1.7,1.4,74,2.6666666666666665,1.0,2.5333333333333337,0.8666666666666666,74.66666666666667
743,22,Manchester-United,Wolverhampton-Wanderers,W,Away,4,3,3.3,2.1,47,2.0,2.0,0.9,1.2000000000000002,46.333333333333336
173,22,Newcastle-United,Aston-Villa,W,Away,3,1,2.6,1.4,39,1.6666666666666667,3.3333333333333335,1.433333333333333,4.5,43.0
515,22,Nottingham-Forest,Arsenal,L,Home,1,2,0.5,1.2,27,2.3333333333333335,1.6666666666666667,1.8,1.4666666666666668,44.666666666666664
249,22,Sheffield-United,Crystal-Palace,L,Away,2,3,0.8,1.1,47,1.3333333333333333,2.3333333333333335,1.7333333333333332,1.7,42.666666666666664
553,22,Tottenham-Hotspur,Brentford,W,Home,3,2,2.9,1.6,67,2.3333333333333335,2.3333333333333335,1.9333333333333333,1.9000000000000001,56.0
211,22,West-Ham-United,Bournemouth,D,Home,1,1,1.4,1.2,48,1.3333333333333333,0.6666666666666666,1.4666666666666668,2.5,34.0
287,22,Wolverhampton-Wanderers,Manchester-United,L,Home,3,4,2.1,3.3,53,2.3333333333333335,0.3333333333333333,1.8,1.2,40.333333333333336
630,23,Arsenal,Liverpool,W,Home,3,1,3.5,0.4,43,2.6666666666666665,1.0,2.033333333333333,0.6666666666666666,64.33333333333333
440,23,Aston-Villa,Sheffield-United,W,Away,5,0,2.2,1.4,63,1.3333333333333333,1.6666666666666667,1.933333333333333,1.6333333333333335,64.33333333333333
363,23,Bournemouth,Nottingham-Forest,D,Home,1,1,1.3,0.5,45,0.6666666666666666,2.6666666666666665,1.4333333333333336,1.7333333333333336,47.333333333333336
59,23,Brentford,Manchester-City,L,Home,1,3,1.0,2.1,28,2.0,2.6666666666666665,1.4000000000000001,1.7,45.0
98,23,Brighton-and-Hove-Albion,Crystal-Palace,W,Home,4,1,1.4,0.3,68,0.0,1.3333333333333333,1.4000000000000001,1.6333333333333335,66.33333333333333
592,23,Burnley,Fulham,D,Home,2,2,1.8,1.5,44,1.3333333333333333,2.3333333333333335,1.2333333333333334,1.9333333333333338,33.666666666666664
402,23,Chelsea,Wolverhampton-Wanderers,L,Home,2,4,1.7,2.0,64,1.6666666666666667,2.0,1.4333333333333333,2.0,51.0
706,23,Crystal-Palace,Brighton-and-Hove-Albion,L,Away,1,4,0.3,1.4,32,2.0,2.6666666666666665,0.7999999999999999,1.8333333333333333,46.333333333333336
478,23,Everton,Tottenham-Hotspur,D,Home,2,2,2.6,1.0,43,0.0,1.0,1.133333333333333,1.5666666666666667,36.333333333333336
136,23,Fulham,Burnley,D,Away,2,2,1.5,1.8,56,0.6666666666666666,0.6666666666666666,1.2,1.8999999999999997,51.666666666666664
668,23,Liverpool,Arsenal,L,Away,1,3,0.4,3.5,57,4.0,1.0,3.8000000000000003,0.8666666666666667,57.0
21,23,Luton-Town,Newcastle-United,D,Away,4,4,2.4,2.3,45,2.3333333333333335,1.3333333333333333,2.1,1.1666666666666667,51.333333333333336
325,23,Manchester-City,Brentford,W,Away,3,1,2.1,1.0,72,2.6666666666666665,1.0,2.3000000000000003,1.0,75.33333333333333
744,23,Manchester-United,West-Ham-United,W,Home,3,0,0.7,1.4,51,2.3333333333333335,2.3333333333333335,1.6333333333333335,1.3333333333333337,46.666666666666664
174,23,Newcastle-United,Luton-Town,D,Home,4,4,2.3,2.4,55,2.3333333333333335,2.6666666666666665,1.5,3.8000000000000003,35.333333333333336
516,23,Nottingham-Forest,Bournemouth,D,Away,1,1,0.5,1.3,55,1.6666666666666667,2.0,0.8000000000000002,1.0666666666666667,41.0
250,23,Sheffield-United,Aston-Villa,L,Home,0,5,1.4,2.2,37,1.3333333333333333,2.3333333333333335,1.2,1.866666666666667,41.333333333333336
554,23,Tottenham-Hotspur,Everton,D,Away,2,2,1.0,2.6,57,2.6666666666666665,1.6666666666666667,2.1333333333333333,1.3666666666666665,60.0
212,23,West-Ham-United,Manchester-United,L,Away,0,3,1.4,0.7,49,1.0,1.0,1.4666666666666668,2.0,41.0
288,23,Wolverhampton-Wanderers,Chelsea,W,Away,4,2,2.0,1.7,36,2.0,1.3333333333333333,1.7,1.5666666666666664,44.666666666666664
631,24,Arsenal,West-Ham-United,W,Away,6,0,3.6,0.2,70,3.3333333333333335,0.6666666666666666,2.6666666666666665,0.39999999999999997,58.666666666666664
441,24,Aston-Villa,Manchester-United,L,Home,1,2,2.4,1.8,56,2.0,1.0,1.5999999999999996,1.7,64.0
364,24,Bournemouth,Fulham,L,Away,1,3,1.8,1.6,51,0.6666666666666666,2.0,1.3000000000000003,1.1333333333333335,45.666666666666664
60,24,Brentford,Wolverhampton-Wanderers,W,Away,2,0,1.9,1.0,29,2.0,2.6666666666666665,1.2666666666666666,2.0666666666666664,36.333333333333336
99,24,Brighton-and-Hove-Albion,Tottenham-Hotspur,L,Away,1,2,1.2,1.6,48,1.3333333333333333,1.6666666666666667,1.0999999999999999,1.5,66.33333333333333
593,24,Burnley,Liverpool,L,Away,1,3,1.3,2.8,30,1.3333333333333333,2.0,1.4333333333333336,1.3666666666666671,36.333333333333336
403,24,Chelsea,Crystal-Palace,W,Away,3,1,1.4,0.6,77,1.3333333333333333,2.6666666666666665,1.5,1.8999999999999997,56.333333333333336
707,24,Crystal-Palace,Chelsea,L,Home,1,3,0.6,1.4,23,1.3333333333333333,3.6666666666666665,0.5666666666666667,1.8333333333333333,41.666666666666664
479,24,Everton,Manchester-City,L,Away,0,2,0.3,1.6,28,0.6666666666666666,0.6666666666666666,1.8666666666666665,1.2666666666666666,35.0
137,24,Fulham,Bournemouth,W,Home,3,1,1.6,1.8,49,0.6666666666666666,1.0,1.3,1.9666666666666668,57.0
669,24,Liverpool,Burnley,W,Home,3,1,2.8,1.3,70,3.0,1.3333333333333333,1.6000000000000003,1.8333333333333333,55.666666666666664
22,24,Luton-Town,Sheffield-United,L,Home,1,3,1.8,1.7,74,3.0,1.6666666666666667,2.1333333333333333,1.4333333333333333,49.0
326,24,Manchester-City,Everton,W,Home,2,0,1.6,0.3,72,3.0,1.3333333333333333,2.266666666666667,1.2333333333333334,72.66666666666667
745,24,Manchester-United,Aston-Villa,W,Away,2,1,1.8,2.4,44,3.0,1.6666666666666667,1.5999999999999999,1.566666666666667,45.0
175,24,Newcastle-United,Nottingham-Forest,W,Away,3,2,0.5,1.5,61,3.0,2.6666666666666665,2.0666666666666664,2.2666666666666666,40.666666666666664
517,24,Nottingham-Forest,Newcastle-United,L,Home,2,3,1.5,0.5,39,1.3333333333333333,2.0,0.7333333333333334,1.2333333333333334,44.666666666666664
251,24,Sheffield-United,Luton-Town,W,Away,3,1,1.7,1.8,26,1.3333333333333333,3.3333333333333335,1.5666666666666667,1.8666666666666665,47.0
555,24,Tottenham-Hotspur,Brighton-and-Hove-Albion,W,Home,2,1,1.6,1.2,52,2.3333333333333335,2.0,1.7,1.6666666666666667,62.333333333333336
213,24,West-Ham-United,Arsenal,L,Home,0,6,0.2,3.6,30,1.0,2.0,1.7,1.4666666666666668,46.666666666666664
289,24,Wolverhampton-Wanderers,Brentford,L,Home,0,2,1.0,1.9,71,2.3333333333333335,2.0,1.7333333333333332,1.9999999999999998,39.0
632,25,Arsenal,Burnley,W,Away,5,0,2.3,0.3,64,3.6666666666666665,0.6666666666666666,2.766666666666666,0.3666666666666667,62.0
442,25,Aston-Villa,Fulham,W,Away,2,1,1.5,1.5,48,2.3333333333333335,1.6666666666666667,1.9999999999999998,1.9333333333333333,60.0
365,25,Bournemouth,Newcastle-United,D,Away,2,2,2.2,2.2,38,1.0,1.6666666666666667,1.4333333333333336,1.166666666666667,49.333333333333336
61,25,Brentford,Liverpool,L,Home,1,4,1.6,2.8,38,1.6666666666666667,2.0,1.5,1.9999999999999998,30.0
100,25,Brighton-and-Hove-Albion,Sheffield-United,W,Away,5,0,2.9,0.6,79,1.6666666666666667,2.3333333333333335,1.1666666666666667,1.666666666666667,58.333333333333336
594,25,Burnley,Arsenal,L,Home,0,5,0.3,2.3,36,1.3333333333333333,2.6666666666666665,1.5,2.0000000000000004,33.333333333333336
404,25,Chelsea,Manchester-City,D,Away,1,1,1.4,2.6,30,2.0,3.0,1.2333333333333332,1.8333333333333333,63.666666666666664
708,25,Crystal-Palace,Everton,D,Away,1,1,0.7,1.7,39,1.6666666666666667,3.0,0.6666666666666666,1.2000000000000002,36.0
480,25,Everton,Crystal-Palace,D,Home,1,1,1.7,0.7,61,0.6666666666666666,1.3333333333333333,1.5999999999999999,1.4000000000000001,33.666666666666664
138,25,Fulham,Aston-Villa,L,Home,1,2,1.5,1.5,52,1.6666666666666667,1.0,1.5666666666666667,1.8333333333333333,58.333333333333336
670,25,Liverpool,Brentford,W,Away,4,1,2.8,1.6,62,2.6666666666666665,1.6666666666666667,2.0333333333333337,1.7999999999999998,59.0
23,25,Luton-Town,Manchester-United,L,Home,1,2,1.8,2.9,58,3.0,2.3333333333333335,2.433333333333333,1.633333333333333,53.333333333333336
327,25,Manchester-City,Chelsea,D,Home,1,1,2.6,1.4,70,2.6666666666666665,0.6666666666666666,1.8,0.9,72.66666666666667
746,25,Manchester-United,Luton-Town,W,Away,2,1,2.9,1.8,42,3.0,1.3333333333333333,1.9333333333333333,1.9666666666666668,47.333333333333336
176,25,Newcastle-United,Bournemouth,D,Home,2,2,2.2,2.2,62,3.3333333333333335,2.3333333333333335,1.7999999999999998,1.7666666666666666,51.666666666666664
518,25,Nottingham-Forest,West-Ham-United,W,Home,2,0,2.8,0.5,49,1.3333333333333333,2.0,0.8333333333333335,1.0,40.333333333333336
252,25,Sheffield-United,Brighton-and-Hove-Albion,L,Home,0,5,0.6,2.9,21,1.6666666666666667,3.0,1.3,1.7000000000000002,36.666666666666664
556,25,Tottenham-Hotspur,Wolverhampton-Wanderers,L,Home,1,2,1.6,1.8,71,2.3333333333333335,1.6666666666666667,1.8333333333333333,1.8,58.666666666666664
214,25,West-Ham-United,Nottingham-Forest,L,Away,0,2,0.5,2.8,51,0.3333333333333333,3.3333333333333335,1.0,1.8333333333333333,42.333333333333336
290,25,Wolverhampton-Wanderers,Tottenham-Hotspur,W,Away,2,1,1.8,1.6,29,2.3333333333333335,2.6666666666666665,1.7,2.3,53.333333333333336
633,26,Arsenal,Newcastle-United,W,Home,4,1,2.8,0.2,55,4.666666666666667,0.3333333333333333,3.1333333333333333,0.3,59.0
443,26,Aston-Villa,Nottingham-Forest,W,Home,4,2,3.6,2.6,58,2.6666666666666665,1.0,2.033333333333333,1.5666666666666664,55.666666666666664
366,26,Bournemouth,Manchester-City,L,Home,0,1,0.9,1.6,38,1.3333333333333333,2.0,1.7666666666666668,1.4333333333333336,44.666666666666664
63,26,Brentford,West-Ham-United,L,Away,2,4,0.9,1.7,59,1.3333333333333333,2.3333333333333335,1.5,1.9666666666666666,31.666666666666668
101,26,Brighton-and-Hove-Albion,Everton,D,Home,1,1,1.4,0.3,64,3.3333333333333335,1.0,1.8333333333333333,0.8333333333333334,65.0
595,26,Burnley,Crystal-Palace,L,Away,0,3,0.1,2.4,44,1.0,3.3333333333333335,1.1333333333333335,2.2,36.666666666666664
413,26,Chelsea,Tottenham-Hotspur,W,Home,2,0,2.2,1.6,37,2.0,2.0,1.5,1.7333333333333332,57.0
709,26,Crystal-Palace,Burnley,W,Home,3,0,2.4,0.1,56,1.0,2.6666666666666665,0.5333333333333332,1.5,31.333333333333332
481,26,Everton,Brighton-and-Hove-Albion,D,Away,1,1,0.3,1.4,36,1.0,1.6666666666666667,1.5333333333333332,1.1,44.0
139,26,Fulham,Manchester-United,W,Away,2,1,1.2,1.7,43,2.0,1.6666666666666667,1.5333333333333332,1.7,52.333333333333336
671,26,Liverpool,Luton-Town,W,Home,4,1,3.3,0.9,60,2.6666666666666665,1.6666666666666667,2.0,2.1333333333333333,63.0
24,26,Luton-Town,Liverpool,L,Away,1,4,0.9,3.3,40,2.0,3.0,2.0,2.3000000000000003,59.0
329,26,Manchester-City,Bournemouth,W,Away,1,0,1.6,0.9,62,2.0,0.6666666666666666,2.1,0.9,71.33333333333333
747,26,Manchester-United,Fulham,L,Home,1,2,1.7,1.2,57,2.3333333333333335,0.6666666666666666,1.8,1.866666666666667,45.666666666666664
177,26,Newcastle-United,Arsenal,L,Away,1,4,0.2,2.8,45,3.0,2.6666666666666665,1.6666666666666667,2.033333333333333,59.333333333333336
519,26,Nottingham-Forest,Aston-Villa,L,Away,2,4,2.6,3.6,42,1.6666666666666667,1.3333333333333333,1.6000000000000003,0.7666666666666666,47.666666666666664
253,26,Sheffield-United,Wolverhampton-Wanderers,L,Away,0,1,0.6,1.3,37,1.0,3.6666666666666665,1.2333333333333332,2.3,28.0
565,26,Tottenham-Hotspur,Chelsea,L,Away,0,2,1.6,2.2,63,1.6666666666666667,1.6666666666666667,1.4000000000000001,1.8666666666666665,60.0
215,26,West-Ham-United,Brentford,W,Home,4,2,1.7,0.9,41,0.0,3.6666666666666665,0.7000000000000001,2.3666666666666667,43.333333333333336
291,26,Wolverhampton-Wanderers,Sheffield-United,W,Home,1,0,1.3,0.6,63,2.0,1.6666666666666667,1.5999999999999999,1.7333333333333334,45.333333333333336
634,27,Arsenal,Sheffield-United,W,Away,6,0,2.3,0.2,80,5.0,0.3333333333333333,2.9,0.2333333333333333,63.0
444,27,Aston-Villa,Luton-Town,W,Away,3,2,1.9,1.8,54,2.3333333333333335,1.6666666666666667,2.5,1.9666666666666668,54.0
367,27,Bournemouth,Burnley,W,Away,2,0,1.1,1.5,26,1.0,2.0,1.6333333333333337,1.8000000000000005,42.333333333333336
64,27,Brentford,Chelsea,D,Home,2,2,1.8,1.8,33,1.6666666666666667,2.6666666666666665,1.4666666666666668,1.833333333333333,42.0
102,27,Brighton-and-Hove-Albion,Fulham,L,Away,0,3,1.3,1.3,70,2.3333333333333335,1.0,1.833333333333333,0.8333333333333335,63.666666666666664
596,27,Burnley,Bournemouth,L,Home,0,2,1.5,1.1,74,0.3333333333333333,3.6666666666666665,0.5666666666666668,2.5,36.666666666666664
405,27,Chelsea,Brentford,D,Away,2,2,1.8,1.8,67,2.0,0.6666666666666666,1.6666666666666667,1.5999999999999999,48.0
710,27,Crystal-Palace,Tottenham-Hotspur,L,Away,1,3,0.3,1.9,22,1.6666666666666667,1.3333333333333333,1.2333333333333332,1.0666666666666667,39.333333333333336
482,27,Everton,West-Ham-United,L,Home,1,3,2.7,1.9,55,0.6666666666666666,1.3333333333333333,0.7666666666666665,1.2333333333333332,41.666666666666664
140,27,Fulham,Brighton-and-Hove-Albion,W,Home,3,0,1.3,1.3,30,2.0,1.3333333333333333,1.4333333333333333,1.6666666666666667,48.0
672,27,Liverpool,Nottingham-Forest,W,Away,1,0,2.0,1.0,69,3.6666666666666665,1.0,2.966666666666667,1.2666666666666668,64.0
25,27,Luton-Town,Aston-Villa,L,Home,2,3,1.8,1.9,46,1.0,3.0,1.5,2.6333333333333333,57.333333333333336
330,27,Manchester-City,Manchester-United,W,Home,3,1,3.3,0.2,73,1.3333333333333333,0.3333333333333333,1.9333333333333336,0.8666666666666667,68.0
748,27,Manchester-United,Manchester-City,L,Away,1,3,0.2,3.3,27,1.6666666666666667,1.3333333333333333,2.1333333333333333,1.8000000000000005,47.666666666666664
178,27,Newcastle-United,Wolverhampton-Wanderers,W,Home,3,0,2.1,0.8,44,2.0,2.6666666666666665,0.9666666666666667,2.1666666666666665,56.0
520,27,Nottingham-Forest,Liverpool,L,Home,0,1,1.0,2.0,31,2.0,2.3333333333333335,2.3000000000000003,1.5333333333333334,43.333333333333336
254,27,Sheffield-United,Arsenal,L,Home,0,6,0.2,2.3,20,1.0,2.3333333333333335,0.9666666666666665,1.9999999999999998,28.0
557,27,Tottenham-Hotspur,Crystal-Palace,W,Home,3,1,1.9,0.3,78,1.0,1.6666666666666667,1.6,1.7333333333333334,62.0
216,27,West-Ham-United,Everton,W,Away,3,1,1.9,2.7,45,1.3333333333333333,3.3333333333333335,0.7999999999999999,2.4333333333333336,40.666666666666664
292,27,Wolverhampton-Wanderers,Newcastle-United,L,Away,0,3,0.8,2.1,56,1.0,1.0,1.3666666666666665,1.3666666666666665,54.333333333333336
635,28,Arsenal,Brentford,W,Home,2,1,1.3,1.0,71,5.0,0.3333333333333333,2.466666666666667,0.2333333333333333,66.33333333333333
445,28,Aston-Villa,Tottenham-Hotspur,L,Home,0,4,0.8,1.5,32,3.0,1.6666666666666667,2.333333333333333,1.9666666666666668,53.333333333333336
368,28,Bournemouth,Sheffield-United,D,Home,2,2,3.3,1.2,69,1.3333333333333333,1.0,1.4000000000000004,1.7666666666666668,34.0
65,28,Brentford,Arsenal,L,Away,1,2,1.0,1.3,29,1.6666666666666667,3.3333333333333335,1.4333333333333333,2.0999999999999996,43.333333333333336
103,28,Brighton-and-Hove-Albion,Nottingham-Forest,W,Home,1,0,0.4,0.7,63,2.0,1.3333333333333333,1.8666666666666665,0.7333333333333334,71.0
597,28,Burnley,West-Ham-United,D,Away,2,2,0.7,2.1,48,0.0,3.3333333333333335,0.6333333333333334,1.9333333333333336,51.333333333333336
406,28,Chelsea,Newcastle-United,W,Home,3,2,1.6,0.7,44,1.6666666666666667,1.0,1.8,2.0,44.666666666666664
711,28,Crystal-Palace,Luton-Town,D,Home,1,1,2.7,0.8,49,1.6666666666666667,1.3333333333333333,1.1333333333333333,1.2333333333333334,39.0
483,28,Everton,Manchester-United,L,Away,0,2,1.6,2.7,49,1.0,1.6666666666666667,1.5666666666666664,1.3333333333333333,50.666666666666664
141,28,Fulham,Wolverhampton-Wanderers,L,Away,1,2,2.6,0.8,52,2.0,1.0,1.3333333333333333,1.5,41.666666666666664
673,28,Liverpool,Manchester-City,D,Home,1,1,2.7,1.6,53,3.0,0.6666666666666666,2.7000000000000006,1.1666666666666667,63.666666666666664
26,28,Luton-Town,Crystal-Palace,D,Away,1,1,0.8,2.7,51,1.3333333333333333,3.0,1.5,2.6999999999999997,48.0
331,28,Manchester-City,Liverpool,D,Away,1,1,1.6,2.7,47,1.6666666666666667,0.6666666666666666,2.5000000000000004,0.8333333333333334,68.33333333333333
749,28,Manchester-United,Everton,W,Home,2,0,2.7,1.6,51,1.3333333333333333,2.0,1.5999999999999999,2.1,42.0
179,28,Newcastle-United,Chelsea,L,Away,2,3,0.7,1.6,56,2.0,2.0,1.5,1.9333333333333333,50.333333333333336
521,28,Nottingham-Forest,Brighton-and-Hove-Albion,L,Away,0,1,0.7,0.4,37,1.3333333333333333,1.6666666666666667,2.1333333333333333,2.0333333333333337,40.666666666666664
255,28,Sheffield-United,Bournemouth,D,Away,2,2,1.2,3.3,31,0.0,4.0,0.4666666666666666,2.1666666666666665,26.0
558,28,Tottenham-Hotspur,Aston-Villa,W,Away,4,0,1.5,0.8,68,1.3333333333333333,1.6666666666666667,1.7,1.4333333333333333,70.66666666666667
217,28,West-Ham-United,Burnley,D,Home,2,2,2.1,0.7,52,2.3333333333333335,1.6666666666666667,1.3666666666666665,2.1333333333333333,45.666666666666664
293,28,Wolverhampton-Wanderers,Fulham,W,Home,2,1,0.8,2.6,48,1.0,1.3333333333333333,1.2999999999999998,1.4333333333333336,49.333333333333336
641,29,Arsenal,Chelsea,W,Home,5,0,3.3,1.6,45,4.0,0.6666666666666666,2.1333333333333333,0.4666666666666666,68.66666666666667
446,29,Aston-Villa,West-Ham-United,D,Away,1,1,0.7,2.0,69,2.3333333333333335,2.6666666666666665,2.1,1.9666666666666668,48.0
375,29,Bournemouth,Wolverhampton-Wanderers,W,Away,1,0,1.9,0.5,37,1.3333333333333333,1.0,1.7666666666666668,1.4333333333333336,44.333333333333336
66,29,Brentford,Burnley,L,Away,1,2,1.1,2.8,40,1.6666666666666667,2.6666666666666665,1.2333333333333334,1.5999999999999999,40.333333333333336
108,29,Brighton-and-Hove-Albion,Manchester-City,L,Home,0,4,0.6,1.4,36,0.6666666666666666,1.3333333333333333,1.0333333333333332,0.7666666666666666,65.66666666666667
598,29,Burnley,Brentford,W,Home,2,1,2.8,1.1,60,0.6666666666666666,2.3333333333333335,0.7666666666666666,1.8666666666666671,55.333333333333336
411,29,Chelsea,Arsenal,L,Away,0,5,1.6,3.3,55,2.3333333333333335,1.3333333333333333,1.8666666666666665,1.3666666666666665,49.333333333333336
717,29,Crystal-Palace,Newcastle-United,W,Home,2,0,0.9,0.4,47,1.6666666666666667,1.3333333333333333,1.8,0.9333333333333335,42.333333333333336
489,29,Everton,Liverpool,W,Home,2,0,1.2,2.1,25,0.6666666666666666,2.0,1.5333333333333332,2.0,46.666666666666664
142,29,Fulham,Tottenham-Hotspur,W,Home,3,0,2.6,2.4,43,2.0,1.0,1.7,1.2666666666666666,41.666666666666664
679,29,Liverpool,Everton,L,Away,0,2,2.1,1.2,75,2.0,0.6666666666666666,2.6666666666666665,1.1666666666666667,60.666666666666664
28,29,Luton-Town,Nottingham-Forest,D,Home,1,1,0.6,2.0,60,1.3333333333333333,2.6666666666666665,1.1666666666666667,2.6333333333333333,45.666666666666664
336,29,Manchester-City,Brighton-and-Hove-Albion,W,Away,4,0,1.4,0.6,64,1.6666666666666667,0.6666666666666666,2.166666666666667,1.2666666666666666,60.666666666666664
754,29,Manchester-United,Sheffield-United,W,Home,4,2,2.9,0.8,71,1.3333333333333333,1.6666666666666667,1.5333333333333332,2.0333333333333337,45.0
184,29,Newcastle-United,Crystal-Palace,L,Away,0,2,0.4,0.9,53,2.0,2.3333333333333335,1.0,1.7333333333333334,48.333333333333336
522,29,Nottingham-Forest,Luton-Town,D,Away,1,1,2.0,0.6,40,0.6666666666666666,2.0,1.4333333333333336,2.0000000000000004,36.666666666666664
261,29,Sheffield-United,Manchester-United,L,Away,2,4,0.8,2.9,29,0.6666666666666666,3.0,0.6666666666666666,2.3,29.333333333333332
559,29,Tottenham-Hotspur,Fulham,L,Away,0,3,2.4,2.6,57,2.3333333333333335,1.0,1.6666666666666667,1.1,69.66666666666667
218,29,West-Ham-United,Aston-Villa,D,Home,1,1,2.0,0.7,31,3.0,1.6666666666666667,1.8999999999999997,1.4333333333333333,46.0
299,29,Wolverhampton-Wanderers,Bournemouth,L,Home,0,1,0.5,1.9,63,1.0,1.3333333333333333,0.9666666666666667,1.7666666666666666,55.666666666666664
636,30,Arsenal,Manchester-City,D,Away,0,0,0.7,1.0,28,4.333333333333333,0.3333333333333333,2.3000000000000003,0.9333333333333332,65.33333333333333
447,30,Aston-Villa,Wolverhampton-Wanderers,W,Home,2,0,1.0,1.5,48,1.3333333333333333,2.3333333333333335,1.133333333333333,1.7666666666666666,51.666666666666664
370,30,Bournemouth,Everton,W,Home,2,1,1.3,1.0,48,1.6666666666666667,0.6666666666666666,2.1,1.066666666666667,44.0
67,30,Brentford,Manchester-United,D,Home,1,1,3.2,0.6,47,1.3333333333333333,2.0,1.3,1.9666666666666666,34.0
104,30,Brighton-and-Hove-Albion,Liverpool,L,Away,1,2,0.5,2.8,45,0.3333333333333333,2.3333333333333335,0.7666666666666666,1.1333333333333333,56.333333333333336
599,30,Burnley,Chelsea,D,Away,2,2,1.6,4.2,31,1.3333333333333333,1.6666666666666667,1.6666666666666667,1.4333333333333336,60.666666666666664
407,30,Chelsea,Burnley,D,Home,2,2,4.2,1.6,69,1.6666666666666667,3.0,1.6666666666666667,1.933333333333333,55.333333333333336
712,30,Crystal-Palace,Nottingham-Forest,D,Away,1,1,1.2,0.9,41,1.3333333333333333,1.3333333333333333,1.3,1.0333333333333334,39.333333333333336
484,30,Everton,Bournemouth,L,Away,1,2,1.0,1.3,52,1.0,1.6666666666666667,1.833333333333333,2.233333333333333,43.0
143,30,Fulham,Sheffield-United,D,Away,3,3,1.3,1.9,73,2.3333333333333335,0.6666666666666666,2.1666666666666665,1.4999999999999998,41.666666666666664
674,30,Liverpool,Brighton-and-Hove-Albion,W,Home,2,1,2.8,0.5,55,0.6666666666666666,1.0,2.266666666666667,1.2666666666666668,65.66666666666667
29,30,Luton-Town,Tottenham-Hotspur,L,Away,1,2,0.5,2.9,30,1.3333333333333333,1.6666666666666667,1.0666666666666667,2.2,52.333333333333336
332,30,Manchester-City,Arsenal,D,Home,0,0,1.0,0.7,72,2.6666666666666665,0.6666666666666666,2.1,1.1666666666666667,61.333333333333336
750,30,Manchester-United,Brentford,D,Away,1,1,0.6,3.2,53,2.3333333333333335,1.6666666666666667,1.9333333333333333,1.9000000000000004,49.666666666666664
180,30,Newcastle-United,West-Ham-United,W,Home,4,3,4.1,1.4,60,1.6666666666666667,1.6666666666666667,1.0666666666666667,1.1,51.0
523,30,Nottingham-Forest,Crystal-Palace,D,Home,1,1,0.9,1.2,59,0.3333333333333333,1.0,1.2333333333333334,1.0000000000000002,36.0
256,30,Sheffield-United,Fulham,D,Home,3,3,1.9,1.3,27,1.3333333333333333,4.0,0.7333333333333333,2.8333333333333335,26.666666666666668
560,30,Tottenham-Hotspur,Luton-Town,W,Home,2,1,2.9,0.5,70,2.3333333333333335,1.3333333333333333,1.9333333333333333,1.2333333333333334,67.66666666666667
219,30,West-Ham-United,Newcastle-United,L,Away,3,4,1.4,4.1,40,2.0,1.3333333333333333,2.0,1.3666666666666665,42.666666666666664
294,30,Wolverhampton-Wanderers,Aston-Villa,L,Away,0,2,1.5,1.0,52,0.6666666666666666,1.6666666666666667,0.6999999999999998,2.1999999999999997,55.666666666666664
637,31,Arsenal,Luton-Town,W,Home,2,0,0.7,0.3,58,2.3333333333333335,0.3333333333333333,1.7666666666666666,1.2,48.0
448,31,Aston-Villa,Manchester-City,L,Away,1,4,0.8,3.4,33,1.0,1.6666666666666667,0.8333333333333331,1.6666666666666667,49.666666666666664
371,31,Bournemouth,Crystal-Palace,W,Home,1,0,1.1,0.2,50,1.6666666666666667,1.0,2.166666666666667,0.9000000000000004,51.333333333333336
68,31,Brentford,Brighton-and-Hove-Albion,D,Home,0,0,0.6,1.1,34,1.0,1.6666666666666667,1.7666666666666668,1.5666666666666664,38.666666666666664
105,31,Brighton-and-Hove-Albion,Brentford,D,Away,0,0,1.1,0.6,66,0.6666666666666666,2.0,0.49999999999999983,1.633333333333333,48.0
600,31,Burnley,Wolverhampton-Wanderers,D,Home,1,1,1.3,0.9,51,2.0,1.6666666666666667,1.7,2.4666666666666672,46.333333333333336
408,31,Chelsea,Manchester-United,W,Home,4,3,3.0,1.5,57,1.6666666666666667,3.0,2.466666666666667,1.8666666666666665,56.0
713,31,Crystal-Palace,Bournemouth,L,Away,0,1,0.2,1.1,50,1.3333333333333333,0.6666666666666666,1.6000000000000003,0.7000000000000002,45.666666666666664
485,31,Everton,Newcastle-United,D,Away,1,1,1.4,2.4,43,1.0,1.3333333333333333,1.2666666666666664,2.0333333333333337,42.0
144,31,Fulham,Nottingham-Forest,L,Away,1,3,1.5,1.5,66,2.3333333333333335,1.6666666666666667,2.1666666666666665,1.7,56.0
675,31,Liverpool,Sheffield-United,W,Home,3,1,1.8,0.6,82,1.0,1.3333333333333333,2.5333333333333337,1.1,61.0
30,31,Luton-Town,Arsenal,L,Away,0,2,0.3,0.7,42,1.0,1.3333333333333333,0.6333333333333333,2.5333333333333337,47.0
333,31,Manchester-City,Aston-Villa,W,Home,4,1,3.4,0.8,67,1.6666666666666667,0.3333333333333333,1.3333333333333337,1.3333333333333333,61.0
751,31,Manchester-United,Chelsea,L,Away,3,4,1.5,3.0,43,2.3333333333333335,1.0,2.0666666666666664,1.8666666666666671,58.333333333333336
181,31,Newcastle-United,Everton,D,Home,1,1,2.4,1.4,57,2.0,2.6666666666666665,1.7333333333333332,1.3,56.333333333333336
524,31,Nottingham-Forest,Fulham,W,Home,3,1,1.5,1.5,34,0.6666666666666666,1.0,1.2000000000000002,0.7333333333333334,45.333333333333336
257,31,Sheffield-United,Liverpool,L,Away,1,3,0.6,1.8,18,2.3333333333333335,3.0,1.2999999999999998,2.5,29.0
561,31,Tottenham-Hotspur,West-Ham-United,D,Away,1,1,1.0,1.5,67,2.0,1.3333333333333333,2.2666666666666666,1.3,65.0
220,31,West-Ham-United,Tottenham-Hotspur,D,Home,1,1,1.5,1.0,33,2.0,2.3333333333333335,1.8333333333333333,1.833333333333333,41.0
295,31,Wolverhampton-Wanderers,Burnley,D,Away,1,1,0.9,1.3,49,0.6666666666666666,1.3333333333333333,0.9333333333333332,1.8333333333333333,54.333333333333336
638,32,Arsenal,Brighton-and-Hove-Albion,W,Away,3,0,3.4,0.5,46,2.3333333333333335,0.0,1.5666666666666667,0.9666666666666667,43.666666666666664
449,32,Aston-Villa,Brentford,D,Home,3,3,1.5,1.5,69,1.3333333333333333,1.6666666666666667,0.8333333333333331,2.3,50.0
372,32,Bournemouth,Luton-Town,L,Away,1,2,0.4,1.5,45,1.3333333333333333,0.3333333333333333,1.4333333333333336,0.566666666666667,45.0
69,32,Brentford,Aston-Villa,D,Away,3,3,1.5,1.5,31,0.6666666666666666,1.0,1.6333333333333335,1.5,40.333333333333336
106,32,Brighton-and-Hove-Albion,Arsenal,L,Home,0,3,0.5,3.4,54,0.3333333333333333,2.0,0.7333333333333333,1.5999999999999996,49.0
601,32,Burnley,Everton,L,Away,0,1,0.5,0.9,62,1.6666666666666667,1.3333333333333333,1.9000000000000001,2.0666666666666678,47.333333333333336
409,32,Chelsea,Sheffield-United,D,Away,2,2,0.3,1.4,68,2.0,3.3333333333333335,2.9333333333333336,2.1333333333333333,60.333333333333336
714,32,Crystal-Palace,Manchester-City,L,Home,2,4,1.1,1.9,25,1.0,0.6666666666666666,0.7666666666666667,0.8000000000000002,46.0
486,32,Everton,Burnley,W,Home,1,0,0.9,0.5,38,1.3333333333333333,1.0,1.1999999999999995,1.9333333333333333,40.0
145,32,Fulham,Newcastle-United,L,Home,0,1,1.2,1.0,66,2.3333333333333335,2.0,1.8,1.933333333333333,60.666666666666664
676,32,Liverpool,Manchester-United,D,Away,2,2,3.6,0.7,62,1.6666666666666667,1.3333333333333333,2.2333333333333334,0.7666666666666667,70.66666666666667
31,32,Luton-Town,Bournemouth,W,Home,2,1,1.5,0.4,55,0.6666666666666666,1.6666666666666667,0.4666666666666666,1.8666666666666665,44.0
334,32,Manchester-City,Crystal-Palace,W,Away,4,2,1.9,1.1,75,2.6666666666666665,0.3333333333333333,1.9333333333333336,0.6999999999999998,67.66666666666667
752,32,Manchester-United,Liverpool,D,Home,2,2,0.7,3.6,38,2.6666666666666665,2.3333333333333335,1.6666666666666667,2.333333333333334,55.666666666666664
182,32,Newcastle-United,Fulham,W,Away,1,0,1.0,1.2,34,1.6666666666666667,2.0,2.2999999999999994,1.2333333333333332,56.666666666666664
525,32,Nottingham-Forest,Tottenham-Hotspur,L,Away,1,3,1.5,1.5,37,1.6666666666666667,1.0,1.4666666666666668,1.1000000000000003,44.333333333333336
258,32,Sheffield-United,Chelsea,D,Home,2,2,1.4,0.3,32,2.0,3.3333333333333335,1.0999999999999999,2.0,24.666666666666668
562,32,Tottenham-Hotspur,Nottingham-Forest,W,Home,3,1,1.5,1.5,63,1.0,1.6666666666666667,2.1,1.5333333333333332,64.66666666666667
221,32,West-Ham-United,Wolverhampton-Wanderers,W,Away,2,1,1.2,1.5,42,1.6666666666666667,2.0,1.6333333333333335,1.933333333333333,34.666666666666664
296,32,Wolverhampton-Wanderers,West-Ham-United,L,Home,1,2,1.5,1.2,58,0.3333333333333333,1.3333333333333333,0.9666666666666665,1.4000000000000001,54.666666666666664
639,33,Arsenal,Aston-Villa,L,Home,0,2,1.6,0.9,52,1.6666666666666667,0.0,1.6000000000000003,0.6,44.0
450,33,Aston-Villa,Arsenal,W,Away,2,0,0.9,1.6,48,2.0,2.3333333333333335,1.0999999999999999,2.1333333333333333,50.0
373,33,Bournemouth,Manchester-United,D,Home,2,2,1.6,1.2,43,1.3333333333333333,1.0,0.9333333333333337,0.9000000000000004,47.666666666666664
70,33,Brentford,Sheffield-United,W,Home,2,0,1.0,0.8,53,1.3333333333333333,1.3333333333333333,1.7666666666666668,1.0666666666666667,37.333333333333336
107,33,Brighton-and-Hove-Albion,Burnley,D,Away,1,1,0.9,1.7,56,0.3333333333333333,1.6666666666666667,0.6999999999999998,2.2666666666666666,55.0
602,33,Burnley,Brighton-and-Hove-Albion,D,Home,1,1,1.7,0.9,44,1.0,1.3333333333333333,1.1333333333333335,2.0000000000000004,48.0
410,33,Chelsea,Everton,W,Home,6,0,3.1,1.5,58,2.6666666666666665,2.3333333333333335,2.5,1.5,64.66666666666667
715,33,Crystal-Palace,Liverpool,W,Away,1,0,2.0,2.7,31,1.0,2.0,0.8333333333333334,1.3,38.666666666666664
487,33,Everton,Chelsea,L,Away,0,6,1.5,3.1,42,1.0,1.0,1.0999999999999996,1.3999999999999997,44.333333333333336
146,33,Fulham,West-Ham-United,W,Away,2,0,3.2,0.9,42,1.3333333333333333,2.3333333333333335,1.3333333333333333,1.4666666666666661,68.33333333333333
677,33,Liverpool,Crystal-Palace,L,Home,0,1,2.7,2.0,69,2.3333333333333335,1.3333333333333333,2.733333333333334,0.6000000000000001,66.33333333333333
32,33,Luton-Town,Manchester-City,L,Away,1,5,0.5,4.2,27,1.0,1.6666666666666667,0.7666666666666666,1.3333333333333333,42.333333333333336
335,33,Manchester-City,Luton-Town,W,Home,5,1,4.2,0.5,73,2.6666666666666665,1.0,2.1,0.8666666666666666,71.33333333333333
753,33,Manchester-United,Bournemouth,D,Away,2,2,1.2,1.6,57,2.0,2.3333333333333335,0.9333333333333332,3.266666666666667,44.666666666666664
183,33,Newcastle-United,Tottenham-Hotspur,W,Home,4,0,2.8,0.8,28,2.0,1.3333333333333333,2.5,1.3333333333333333,50.333333333333336
526,33,Nottingham-Forest,Wolverhampton-Wanderers,D,Home,2,2,1.9,1.0,46,1.6666666666666667,1.6666666666666667,1.3,1.4000000000000001,43.333333333333336
259,33,Sheffield-United,Brentford,L,Away,0,2,0.8,1.0,47,2.0,2.6666666666666665,1.2999999999999998,1.1333333333333333,25.666666666666668
563,33,Tottenham-Hotspur,Newcastle-United,L,Away,0,4,0.8,2.8,72,2.0,1.0,1.8,1.1666666666666667,66.66666666666667
222,33,West-Ham-United,Fulham,L,Home,0,2,0.9,3.2,58,2.0,2.0,1.3666666666666665,2.1999999999999997,38.333333333333336
297,33,Wolverhampton-Wanderers,Nottingham-Forest,D,Away,2,2,1.0,1.9,54,0.6666666666666666,1.6666666666666667,1.2999999999999998,1.1666666666666667,53.0
640,34,Arsenal,Wolverhampton-Wanderers,W,Away,2,0,1.2,0.2,54,1.6666666666666667,0.6666666666666666,1.9000000000000001,0.5666666666666665,52.0
451,34,Aston-Villa,Bournemouth,W,Home,3,1,2.4,1.8,56,2.0,2.3333333333333335,1.0666666666666667,2.1666666666666665,50.0
374,34,Bournemouth,Aston-Villa,L,Away,1,3,1.8,2.4,44,1.3333333333333333,1.3333333333333333,1.0333333333333339,0.9666666666666669,46.0
71,34,Brentford,Luton-Town,W,Away,5,1,3.1,0.6,47,1.6666666666666667,1.0,1.0333333333333334,1.1333333333333335,39.333333333333336
112,34,Brighton-and-Hove-Albion,Chelsea,L,Home,1,2,1.3,1.5,55,0.3333333333333333,1.3333333333333333,0.8333333333333331,1.9000000000000001,58.666666666666664
603,34,Burnley,Sheffield-United,W,Away,4,1,2.2,2.4,51,0.6666666666666666,1.0,1.1666666666666667,0.9,52.333333333333336
416,34,Chelsea,Brighton-and-Hove-Albion,W,Away,2,1,1.5,1.3,45,4.0,1.6666666666666667,2.1333333333333333,1.4666666666666666,61.0
716,34,Crystal-Palace,West-Ham-United,W,Home,5,2,2.4,1.3,60,1.0,1.6666666666666667,1.0999999999999999,1.9000000000000001,35.333333333333336
488,34,Everton,Nottingham-Forest,W,Home,2,0,0.3,0.9,41,0.6666666666666666,2.3333333333333335,1.2666666666666664,2.0,41.0
147,34,Fulham,Liverpool,L,Home,1,3,0.8,1.0,40,1.0,1.3333333333333333,1.9666666666666668,1.133333333333333,58.0
678,34,Liverpool,Fulham,W,Away,3,1,1.0,0.8,60,1.6666666666666667,1.3333333333333333,2.7000000000000006,1.1,71.0
33,34,Luton-Town,Brentford,L,Home,1,5,0.6,3.1,53,1.0,2.6666666666666665,0.7666666666666666,1.7666666666666668,41.333333333333336
340,34,Manchester-City,Tottenham-Hotspur,W,Away,2,0,2.4,1.7,47,4.333333333333333,1.3333333333333333,3.1666666666666665,0.7999999999999999,71.66666666666667
758,34,Manchester-United,Newcastle-United,W,Home,3,2,1.4,2.3,45,2.3333333333333335,2.6666666666666665,1.1333333333333333,2.733333333333334,46.0
188,34,Newcastle-United,Manchester-United,L,Away,2,3,2.3,1.4,55,2.0,0.3333333333333333,2.0666666666666664,1.1333333333333333,39.666666666666664
527,34,Nottingham-Forest,Everton,L,Away,0,2,0.9,0.3,59,2.0,2.0,1.6333333333333335,1.3333333333333333,39.0
260,34,Sheffield-United,Burnley,L,Home,1,4,2.4,2.2,49,1.0,2.3333333333333335,0.9333333333333332,1.0333333333333332,32.333333333333336
568,34,Tottenham-Hotspur,Manchester-City,L,Home,0,2,1.7,2.4,53,1.3333333333333333,2.0,1.0999999999999999,1.9333333333333333,67.33333333333333
223,34,West-Ham-United,Crystal-Palace,L,Away,2,5,1.3,2.4,40,1.0,1.3333333333333333,1.2,1.9000000000000001,44.333333333333336
298,34,Wolverhampton-Wanderers,Arsenal,L,Home,0,2,0.2,1.2,46,1.3333333333333333,1.6666666666666667,1.133333333333333,1.4666666666666668,53.666666666666664
642,35,Arsenal,Tottenham-Hotspur,W,Away,3,2,1.0,2.3,38,1.6666666666666667,0.6666666666666666,2.066666666666667,0.5333333333333332,50.666666666666664
452,35,Aston-Villa,Chelsea,D,Home,2,2,1.1,1.6,29,2.6666666666666665,1.3333333333333333,1.5999999999999996,1.633333333333333,57.666666666666664
376,35,Bournemouth,Brighton-and-Hove-Albion,W,Home,3,0,1.9,0.9,31,1.3333333333333333,2.3333333333333335,1.266666666666667,1.7000000000000002,44.0
72,35,Brentford,Everton,L,Away,0,1,0.9,0.8,52,3.3333333333333335,1.3333333333333333,1.8666666666666665,0.9666666666666667,43.666666666666664
109,35,Brighton-and-Hove-Albion,Bournemouth,L,Away,0,3,0.9,1.9,69,0.6666666666666666,2.0,0.8999999999999999,2.2,55.0
604,35,Burnley,Manchester-United,D,Away,1,1,2.1,2.7,52,1.6666666666666667,1.0,1.4666666666666668,1.4000000000000006,52.333333333333336
412,35,Chelsea,Aston-Villa,D,Away,2,2,1.6,1.1,71,3.3333333333333335,1.0,1.6333333333333335,1.3999999999999997,57.0
718,35,Crystal-Palace,Fulham,D,Away,1,1,1.0,1.1,47,2.6666666666666665,2.0,1.8333333333333333,1.9666666666666668,38.666666666666664
490,35,Everton,Brentford,W,Home,1,0,0.8,0.9,48,1.0,2.0,0.8999999999999998,1.5,40.333333333333336
148,35,Fulham,Crystal-Palace,D,Home,1,1,1.1,1.0,53,1.0,1.3333333333333333,1.7333333333333334,0.9666666666666663,49.333333333333336
680,35,Liverpool,West-Ham-United,D,Away,2,2,1.7,0.7,71,1.6666666666666667,1.3333333333333333,2.433333333333334,1.1666666666666667,63.666666666666664
34,35,Luton-Town,Wolverhampton-Wanderers,L,Away,1,2,0.6,1.2,42,1.3333333333333333,3.6666666666666665,0.8666666666666666,2.5666666666666664,45.0
337,35,Manchester-City,Nottingham-Forest,W,Away,2,0,0.9,1.9,66,3.6666666666666665,1.0,2.8333333333333335,1.0999999999999999,65.0
755,35,Manchester-United,Burnley,D,Home,1,1,2.7,2.1,48,2.3333333333333335,2.0,1.0999999999999999,2.5000000000000004,46.666666666666664
185,35,Newcastle-United,Sheffield-United,W,Home,5,1,3.1,1.5,60,2.3333333333333335,1.0,2.033333333333333,1.1333333333333333,39.0
528,35,Nottingham-Forest,Manchester-City,L,Home,0,2,1.9,0.9,34,1.0,2.3333333333333335,1.4333333333333336,0.9333333333333335,47.333333333333336
262,35,Sheffield-United,Newcastle-United,L,Away,1,5,1.5,3.1,40,1.0,2.6666666666666665,1.5333333333333332,1.1666666666666667,42.666666666666664
564,35,Tottenham-Hotspur,Arsenal,L,Home,2,3,2.3,1.0,62,1.0,2.3333333333333335,1.3333333333333333,2.233333333333333,62.666666666666664
224,35,West-Ham-United,Liverpool,D,Home,2,2,0.7,1.7,29,1.3333333333333333,2.6666666666666665,1.1333333333333333,2.3666666666666667,46.666666666666664
300,35,Wolverhampton-Wanderers,Luton-Town,W,Home,2,1,1.2,0.6,58,1.0,2.0,0.8999999999999999,1.4333333333333333,52.666666666666664
643,36,Arsenal,Bournemouth,W,Home,3,0,3.3,0.5,55,1.6666666666666667,1.3333333333333333,1.2666666666666668,1.133333333333333,48.0
453,36,Aston-Villa,Brighton-and-Hove-Albion,L,Away,0,1,0.1,2.5,48,2.3333333333333335,1.0,1.4666666666666666,1.6666666666666667,44.333333333333336
377,36,Bournemouth,Arsenal,L,Away,0,3,0.5,3.3,45,2.0,1.6666666666666667,1.7666666666666668,1.5000000000000002,39.333333333333336
73,36,Brentford,Fulham,D,Home,0,0,0.6,1.3,54,2.3333333333333335,0.6666666666666666,1.6666666666666667,0.7333333333333334,50.666666666666664
110,36,Brighton-and-Hove-Albion,Aston-Villa,W,Home,1,0,2.5,0.1,52,0.6666666666666666,2.0,1.0333333333333332,1.7,60.0
605,36,Burnley,Newcastle-United,L,Home,1,4,1.0,3.4,47,2.0,1.0,2.0,2.0000000000000004,49.0
414,36,Chelsea,West-Ham-United,W,Home,5,0,4.1,0.9,69,3.3333333333333335,1.0,2.066666666666667,1.2999999999999998,58.0
719,36,Crystal-Palace,Manchester-United,W,Home,4,0,1.7,0.4,43,2.3333333333333335,1.0,1.8,1.7000000000000002,46.0
491,36,Everton,Luton-Town,D,Away,1,1,1.4,0.8,49,1.0,2.0,0.8666666666666664,1.633333333333333,43.666666666666664
149,36,Fulham,Brentford,D,Away,0,0,1.3,0.6,46,1.3333333333333333,1.3333333333333333,1.7000000000000002,0.9666666666666663,45.0
681,36,Liverpool,Tottenham-Hotspur,W,Home,4,2,3.3,1.2,44,1.6666666666666667,1.3333333333333333,1.8000000000000005,1.1666666666666667,66.66666666666667
35,36,Luton-Town,Everton,D,Home,1,1,0.8,1.4,51,1.0,4.0,0.5666666666666665,2.8333333333333335,40.666666666666664
338,36,Manchester-City,Wolverhampton-Wanderers,W,Home,5,1,3.7,0.3,58,3.0,0.3333333333333333,2.5,1.3666666666666665,62.0
756,36,Manchester-United,Crystal-Palace,L,Away,0,4,0.4,1.7,57,2.0,1.6666666666666667,1.7666666666666666,2.0000000000000004,50.0
186,36,Newcastle-United,Burnley,W,Away,4,1,3.4,1.0,53,3.6666666666666665,1.3333333333333333,2.733333333333333,1.2333333333333334,47.666666666666664
529,36,Nottingham-Forest,Sheffield-United,W,Away,3,1,1.5,2.2,46,0.6666666666666666,2.0,1.5666666666666667,0.7333333333333334,46.333333333333336
263,36,Sheffield-United,Nottingham-Forest,L,Home,1,3,2.2,1.5,54,0.6666666666666666,3.6666666666666665,1.5666666666666664,2.1,45.333333333333336
566,36,Tottenham-Hotspur,Liverpool,L,Away,2,4,1.2,3.3,56,0.6666666666666666,3.0,1.5999999999999999,2.0666666666666664,62.333333333333336
225,36,West-Ham-United,Chelsea,L,Away,0,5,0.9,4.1,31,1.3333333333333333,3.0,0.9666666666666668,2.433333333333333,42.333333333333336
301,36,Wolverhampton-Wanderers,Manchester-City,L,Away,1,5,0.3,3.7,42,1.3333333333333333,1.6666666666666667,0.7999999999999998,1.2333333333333332,52.666666666666664
644,37,Arsenal,Manchester-United,W,Away,1,0,1.5,0.5,46,2.6666666666666665,0.6666666666666666,1.8333333333333333,0.9999999999999999,49.0
454,37,Aston-Villa,Liverpool,D,Home,3,3,3.1,1.7,41,1.6666666666666667,1.3333333333333333,1.2,1.9666666666666668,44.333333333333336
378,37,Bournemouth,Brentford,L,Home,1,2,0.7,1.1,48,1.3333333333333333,2.0,1.4000000000000004,2.2,40.0
74,37,Brentford,Bournemouth,W,Away,2,1,1.1,0.7,52,1.6666666666666667,0.6666666666666666,1.5333333333333332,0.9,51.0
111,37,Brighton-and-Hove-Albion,Newcastle-United,D,Away,1,1,1.4,2.2,43,0.6666666666666666,1.6666666666666667,1.5666666666666664,1.1666666666666665,58.666666666666664
606,37,Burnley,Tottenham-Hotspur,L,Away,1,2,0.7,2.7,37,2.0,2.0,1.7666666666666668,2.833333333333334,50.0
415,37,Chelsea,Nottingham-Forest,W,Away,3,2,1.6,1.5,67,3.0,1.0,2.4,1.0999999999999999,61.666666666666664
720,37,Crystal-Palace,Wolverhampton-Wanderers,W,Away,3,1,2.6,1.6,38,3.3333333333333335,1.0,1.7,0.9333333333333335,50.0
492,37,Everton,Sheffield-United,W,Home,1,0,2.3,0.6,58,1.3333333333333333,0.3333333333333333,0.833333333333333,0.8666666666666666,46.0
150,37,Fulham,Manchester-City,L,Home,0,4,0.1,3.2,36,0.6666666666666666,1.3333333333333333,1.0666666666666667,0.8666666666666664,46.333333333333336
682,37,Liverpool,Aston-Villa,D,Away,3,3,1.7,3.1,59,3.0,1.6666666666666667,2.0000000000000004,0.9,58.333333333333336
36,37,Luton-Town,West-Ham-United,L,Away,1,3,0.3,3.2,42,1.0,2.6666666666666665,0.6666666666666666,1.9000000000000001,48.666666666666664
339,37,Manchester-City,Fulham,W,Away,4,0,3.2,0.1,64,3.0,0.3333333333333333,2.3333333333333335,1.2999999999999998,57.0
757,37,Manchester-United,Arsenal,L,Home,0,1,0.5,1.5,54,1.3333333333333333,2.3333333333333335,1.5,2.0333333333333337,50.0
187,37,Newcastle-United,Brighton-and-Hove-Albion,D,Home,1,1,2.2,1.4,57,3.6666666666666665,1.6666666666666667,2.9333333333333336,1.3,56.0
530,37,Nottingham-Forest,Chelsea,L,Home,2,3,1.5,1.6,33,1.0,1.6666666666666667,1.4333333333333336,1.1333333333333335,46.333333333333336
264,37,Sheffield-United,Everton,L,Away,0,1,0.6,2.3,42,1.0,4.0,2.033333333333333,2.266666666666667,47.666666666666664
567,37,Tottenham-Hotspur,Burnley,W,Home,2,1,2.7,0.7,63,1.3333333333333333,3.0,1.7333333333333334,2.233333333333333,57.0
226,37,West-Ham-United,Luton-Town,W,Home,3,1,3.2,0.3,58,1.3333333333333333,4.0,0.9666666666666667,2.733333333333333,33.333333333333336
302,37,Wolverhampton-Wanderers,Crystal-Palace,L,Home,1,3,1.6,2.6,62,1.0,2.6666666666666665,0.5666666666666665,1.8333333333333333,48.666666666666664
645,38,Arsenal,Everton,W,Home,2,1,2.9,0.6,68,2.3333333333333335,0.6666666666666666,1.9333333333333336,1.0999999999999999,46.333333333333336
455,38,Aston-Villa,Crystal-Palace,L,Away,0,5,0.9,2.5,46,1.6666666666666667,2.0,1.4333333333333333,1.9333333333333333,39.333333333333336
379,38,Bournemouth,Chelsea,L,Away,1,2,2.2,1.1,39,1.3333333333333333,1.6666666666666667,1.0333333333333339,1.7666666666666668,41.333333333333336
75,38,Brentford,Newcastle-United,L,Home,2,4,1.1,3.4,54,0.6666666666666666,0.6666666666666666,0.8666666666666667,0.9333333333333332,52.666666666666664
113,38,Brighton-and-Hove-Albion,Manchester-United,L,Home,0,2,1.7,1.3,55,0.6666666666666666,1.3333333333333333,1.5999999999999996,1.4000000000000001,54.666666666666664
607,38,Burnley,Nottingham-Forest,L,Home,1,2,1.2,1.7,72,1.0,2.3333333333333335,1.2666666666666666,2.933333333333334,45.333333333333336
417,38,Chelsea,Bournemouth,W,Home,2,1,1.1,2.2,61,3.3333333333333335,1.3333333333333333,2.433333333333333,1.1666666666666667,69.0
721,38,Crystal-Palace,Aston-Villa,W,Home,5,0,2.5,0.9,54,2.6666666666666665,0.6666666666666666,1.7666666666666668,1.0333333333333334,42.666666666666664
493,38,Everton,Arsenal,L,Away,1,2,0.6,2.9,32,1.0,0.3333333333333333,1.4999999999999998,0.7666666666666666,51.666666666666664
151,38,Fulham,Luton-Town,W,Away,4,2,1.1,2.0,59,0.3333333333333333,1.6666666666666667,0.8333333333333335,1.5999999999999996,45.0
683,38,Liverpool,Wolverhampton-Wanderers,W,Home,2,0,4.5,0.5,67,3.0,2.3333333333333335,2.233333333333334,1.666666666666667,58.0
37,38,Luton-Town,Fulham,L,Home,2,4,2.0,1.1,41,1.0,2.0,0.5666666666666667,1.9333333333333336,45.0
341,38,Manchester-City,West-Ham-United,W,Home,3,1,1.9,0.4,71,3.6666666666666665,0.3333333333333333,2.6000000000000005,0.7666666666666665,62.666666666666664
759,38,Manchester-United,Brighton-and-Hove-Albion,W,Away,2,0,1.3,1.7,45,0.3333333333333333,2.0,1.2,1.7666666666666668,53.0
189,38,Newcastle-United,Brentford,W,Away,4,2,3.4,1.1,46,3.3333333333333335,1.0,2.9,1.3,56.666666666666664
531,38,Nottingham-Forest,Burnley,W,Away,2,1,1.7,1.2,28,1.6666666666666667,2.0,1.6333333333333335,1.566666666666667,37.666666666666664
265,38,Sheffield-United,Tottenham-Hotspur,L,Home,0,3,1.0,3.1,25,0.6666666666666666,3.0,1.433333333333333,2.3000000000000003,45.333333333333336
569,38,Tottenham-Hotspur,Sheffield-United,W,Away,3,0,3.1,1.0,75,2.0,2.6666666666666665,2.066666666666667,1.6666666666666663,60.333333333333336
227,38,West-Ham-United,Manchester-City,L,Away,1,3,0.4,1.9,29,1.6666666666666667,2.6666666666666665,1.6000000000000003,2.0333333333333328,39.333333333333336
303,38,Wolverhampton-Wanderers,Liverpool,L,Away,0,2,0.5,4.5,33,1.3333333333333333,3.0,1.0333333333333332,2.3000000000000003,54.0
