Round,Venue,Result,GF,GA,Opponent,xG,xGA,Poss,Team,Avg_GF,Avg_GA,Avg_xG,Avg_xGA,Avg_Poss,Label
1,Away,L,1.0,4.0,Brighton & Hove Albion,1.5,4.0,30.0,Luton-Town,,,,,,-1
1,Away,W,1.0,0.0,Sheffield United,1.9,0.5,68.0,Crystal-Palace,,,,,,1
1,Home,W,4.0,1.0,Luton Town,4.0,1.5,70.0,Brighton-and-Hove-Albion,,,,,,1
1,Away,D,1.0,1.0,Chelsea,1.3,1.4,35.0,Liverpool,,,,,,0
1,Away,W,1.0,0.0,Everton,1.5,2.7,58.0,Fulham,,,,,,1
1,Home,W,2.0,1.0,Nottingham Forest,0.8,1.2,78.0,Arsenal,,,,,,1
1,Home,L,0.0,3.0,Manchester City,0.3,1.9,35.0,Burnley,,,,,,-1
1,Home,W,5.0,1.0,Aston Villa,3.3,1.8,52.0,Newcastle-United,,,,,,1
1,Home,D,2.0,2.0,Tottenham Hotspur,2.2,1.3,31.0,Brentford,,,,,,0
1,Away,D,2.0,2.0,Brentford,1.3,2.2,69.0,Tottenham-Hotspur,,,,,,0
1,Away,L,1.0,2.0,Arsenal,1.2,0.8,22.0,Nottingham-Forest,,,,,,-1
1,Home,L,0.0,1.0,Crystal Palace,0.5,1.9,32.0,Sheffield-United,,,,,,-1
1,Home,L,0.0,1.0,Fulham,2.7,1.5,42.0,Everton,,,,,,-1
1,Away,L,1.0,5.0,Newcastle United,1.8,3.3,48.0,Aston-Villa,,,,,,-1
1,Away,L,0.0,1.0,Manchester United,2.2,2.2,49.0,Wolverhampton-Wanderers,,,,,,-1
1,Home,D,1.0,1.0,Liverpool,1.4,1.3,65.0,Chelsea,,,,,,0
1,Away,W,3.0,0.0,Burnley,1.9,0.3,65.0,Manchester-City,,,,,,1
1,Away,D,1.0,1.0,Bournemouth,1.1,1.3,38.0,West-Ham-United,,,,,,0
1,Home,W,1.0,0.0,Wolverhampton Wanderers,2.2,2.2,51.0,Manchester-United,,,,,,1
1,Home,D,1.0,1.0,West Ham United,1.3,1.1,62.0,Bournemouth,,,,,,0
2,Home,W,4.0,0.0,Everton,2.9,0.6,60.0,Aston-Villa,,,,,,1
2,Home,L,1.0,4.0,Brighton & Hove Albion,2.1,2.2,47.0,Wolverhampton-Wanderers,,,,,,-1
2,Home,W,1.0,0.0,Newcastle United,1.0,0.3,59.0,Manchester-City,,,,,,1
2,Away,L,1.0,3.0,Liverpool,1.3,3.0,36.0,Bournemouth,,,,,,-1
2,Home,W,3.0,1.0,Chelsea,1.8,2.5,25.0,West-Ham-United,,,,,,1
2,Away,W,3.0,0.0,Fulham,3.7,0.5,45.0,Brentford,,,,,,1
2,Away,L,0.0,4.0,Aston Villa,0.6,2.9,40.0,Everton,,,,,,-1
2,Home,W,2.0,1.0,Sheffield United,1.4,0.5,50.0,Nottingham-Forest,,,,,,1
2,Away,L,1.0,3.0,West Ham United,2.5,1.8,75.0,Chelsea,,,,,,-1
2,Away,W,4.0,1.0,Wolverhampton Wanderers,2.2,2.1,53.0,Brighton-and-Hove-Albion,,,,,,1
2,Home,L,0.0,3.0,Brentford,0.5,3.7,55.0,Fulham,,,,,,-1
2,Away,W,1.0,0.0,Crystal Palace,2.0,1.0,53.0,Arsenal,,,,,,1
2,Away,L,0.0,1.0,Manchester City,0.3,1.0,41.0,Newcastle-United,,,,,,-1
2,Home,L,1.0,2.0,Burnley,1.3,1.1,49.0,Luton-Town,,,,,,-1
2,Away,L,1.0,2.0,Nottingham Forest,0.5,1.4,50.0,Sheffield-United,,,,,,-1
2,Away,L,0.0,2.0,Tottenham Hotspur,2.1,1.7,45.0,Manchester-United,,,,,,-1
2,Home,W,3.0,1.0,Bournemouth,3.0,1.3,64.0,Liverpool,,,,,,1
2,Away,W,2.0,1.0,Luton Town,1.1,1.3,51.0,Burnley,,,,,,1
2,Home,L,0.0,1.0,Arsenal,1.0,2.0,47.0,Crystal-Palace,,,,,,-1
2,Home,W,2.0,0.0,Manchester United,1.7,2.1,55.0,Tottenham-Hotspur,,,,,,1
3,Home,L,0.0,1.0,Wolverhampton Wanderers,1.3,1.1,47.0,Everton,0.0,2.0,1.5333333333333332,1.8333333333333333,43.0,-1
3,Away,D,2.0,2.0,Arsenal,0.6,3.2,29.0,Fulham,1.0,1.6666666666666667,0.8666666666666667,3.2000000000000006,47.333333333333336,0
3,Away,W,3.0,1.0,Brighton & Hove Albion,3.0,1.5,22.0,West-Ham-United,2.3333333333333335,1.0,1.9666666666666668,1.7666666666666666,28.333333333333332,1
3,Home,D,2.0,2.0,Fulham,3.2,0.6,71.0,Arsenal,1.6666666666666667,1.0,2.0,0.9333333333333332,67.33333333333333,0
3,Away,D,1.0,1.0,Brentford,0.8,1.0,40.0,Crystal-Palace,0.6666666666666666,0.6666666666666666,1.2333333333333334,1.1666666666666667,51.666666666666664,0
3,Away,W,2.0,0.0,Bournemouth,2.1,0.7,56.0,Tottenham-Hotspur,2.0,0.6666666666666666,1.7,1.6666666666666667,60.0,1
3,Away,L,0.0,3.0,Chelsea,0.4,2.2,33.0,Luton-Town,0.6666666666666666,3.0,1.0666666666666667,2.4333333333333336,37.333333333333336,-1
3,Away,W,3.0,1.0,Burnley,2.5,0.7,43.0,Aston-Villa,2.6666666666666665,2.0,2.4,1.5333333333333332,50.333333333333336,1
3,Away,W,2.0,1.0,Sheffield United,3.5,0.7,79.0,Manchester-City,2.0,0.3333333333333333,2.1333333333333333,0.4333333333333333,67.66666666666667,1
3,Home,W,3.0,0.0,Luton Town,2.2,0.4,67.0,Chelsea,1.6666666666666667,1.3333333333333333,2.033333333333333,1.1666666666666667,69.0,1
3,Away,W,1.0,0.0,Everton,1.1,1.3,53.0,Wolverhampton-Wanderers,0.6666666666666666,1.6666666666666667,1.8,1.9000000000000001,49.666666666666664,1
3,Home,L,1.0,2.0,Manchester City,0.7,3.5,21.0,Sheffield-United,0.6666666666666666,1.6666666666666667,0.5666666666666667,2.2666666666666666,34.333333333333336,-1
3,Away,W,2.0,1.0,Newcastle United,0.9,2.0,41.0,Liverpool,2.0,1.0,1.7333333333333334,1.5666666666666667,46.666666666666664,1
3,Home,L,1.0,2.0,Liverpool,2.0,0.9,59.0,Newcastle-United,2.0,1.3333333333333333,1.8666666666666665,1.2333333333333334,50.666666666666664,-1
3,Home,D,1.0,1.0,Crystal Palace,1.0,0.8,60.0,Brentford,2.0,1.0,2.3000000000000003,0.8666666666666667,45.333333333333336,0
3,Away,L,2.0,3.0,Manchester United,1.2,2.8,34.0,Nottingham-Forest,1.6666666666666667,2.0,1.2666666666666666,1.3666666666666665,35.333333333333336,-1
3,Home,L,1.0,3.0,West Ham United,1.5,3.0,78.0,Brighton-and-Hove-Albion,3.0,1.6666666666666667,2.566666666666667,2.1999999999999997,67.0,-1
3,Home,W,3.0,2.0,Nottingham Forest,2.8,1.2,66.0,Manchester-United,1.3333333333333333,1.3333333333333333,2.3666666666666667,1.7,54.0,1
3,Home,L,1.0,3.0,Aston Villa,0.7,2.5,57.0,Burnley,1.0,2.3333333333333335,0.7000000000000001,1.9000000000000001,47.666666666666664,-1
3,Home,L,0.0,2.0,Tottenham Hotspur,0.7,2.1,44.0,Bournemouth,0.6666666666666666,2.0,1.0999999999999999,2.066666666666667,47.333333333333336,-1
4,Away,L,0.0,3.0,Liverpool,0.7,2.5,37.0,Aston-Villa,2.3333333333333335,1.3333333333333333,2.033333333333333,1.2666666666666666,46.666666666666664,-1
4,Home,W,3.0,0.0,Aston Villa,2.5,0.7,63.0,Liverpool,2.6666666666666665,0.6666666666666666,2.1333333333333333,1.3333333333333333,56.0,1
4,Home,W,3.0,1.0,Newcastle United,1.3,1.2,56.0,Brighton-and-Hove-Albion,2.6666666666666665,1.6666666666666667,1.6666666666666667,2.1,62.333333333333336,1
4,Home,L,1.0,2.0,West Ham United,1.4,1.0,39.0,Luton-Town,0.6666666666666666,2.3333333333333335,1.0333333333333334,1.4333333333333336,40.333333333333336,-1
4,Away,W,5.0,2.0,Burnley,2.2,1.3,53.0,Tottenham-Hotspur,3.0,0.6666666666666666,2.0,1.3666666666666665,54.666666666666664,1
4,Away,L,1.0,3.0,Brighton & Hove Albion,1.2,1.3,44.0,Newcastle-United,0.6666666666666666,2.0,1.1666666666666667,1.0666666666666667,48.0,-1
4,Home,W,3.0,1.0,Manchester United,2.3,0.9,55.0,Arsenal,2.0,1.0,2.5,0.8333333333333334,59.666666666666664,1
4,Home,L,0.0,1.0,Nottingham Forest,2.3,0.8,75.0,Chelsea,1.3333333333333333,1.3333333333333333,2.3333333333333335,1.0000000000000002,72.33333333333333,-1
4,Home,L,2.0,5.0,Tottenham Hotspur,1.3,2.2,47.0,Burnley,1.6666666666666667,3.0,1.0333333333333334,2.0,51.666666666666664,-1
4,Home,W,3.0,2.0,Wolverhampton Wanderers,2.1,1.2,43.0,Crystal-Palace,1.3333333333333333,1.3333333333333333,1.3,1.4000000000000001,43.333333333333336,1
4,Home,D,2.0,2.0,Bournemouth,2.9,2.1,60.0,Brentford,2.0,1.0,2.533333333333333,1.1333333333333335,55.0,0
4,Away,W,1.0,0.0,Chelsea,0.8,2.3,25.0,Nottingham-Forest,1.6666666666666667,1.3333333333333333,1.133333333333333,1.8666666666666665,36.333333333333336,1
4,Away,W,2.0,1.0,Luton Town,1.0,1.4,61.0,West-Ham-United,2.6666666666666665,1.0,1.9333333333333336,1.8,36.0,1
4,Home,D,2.0,2.0,Everton,1.2,2.5,46.0,Sheffield-United,1.3333333333333333,2.0,0.7999999999999999,2.466666666666667,39.0,0
4,Away,L,1.0,5.0,Manchester City,1.4,2.2,32.0,Fulham,1.0,3.3333333333333335,0.8333333333333334,3.0333333333333337,38.666666666666664,-1
4,Away,D,2.0,2.0,Sheffield United,2.5,1.2,54.0,Everton,0.6666666666666666,2.3333333333333335,1.4666666666666668,1.7333333333333334,47.0,0
4,Away,L,2.0,3.0,Crystal Palace,1.2,2.1,57.0,Wolverhampton-Wanderers,1.3333333333333333,2.3333333333333335,1.4666666666666668,1.866666666666667,52.333333333333336,-1
4,Home,W,5.0,1.0,Fulham,2.2,1.4,68.0,Manchester-City,2.6666666666666665,0.6666666666666666,2.233333333333333,0.7999999999999998,68.66666666666667,1
4,Away,L,1.0,3.0,Arsenal,0.9,2.3,45.0,Manchester-United,1.3333333333333333,2.3333333333333335,1.9333333333333333,1.7333333333333332,52.0,-1
4,Away,D,2.0,2.0,Brentford,2.1,2.9,40.0,Bournemouth,1.0,2.3333333333333335,1.366666666666667,2.6666666666666665,40.0,0
5,Home,D,0.0,0.0,Chelsea,1.0,1.8,36.0,Bournemouth,0.6666666666666666,1.3333333333333333,1.2666666666666668,2.2666666666666666,40.0,0
5,Away,W,3.0,1.0,West Ham United,3.6,0.9,68.0,Manchester-City,3.3333333333333335,1.0,3.1,1.0,71.66666666666667,1
5,Home,L,1.0,3.0,Liverpool,0.6,2.5,35.0,Wolverhampton-Wanderers,1.3333333333333333,2.0,0.9666666666666667,1.9666666666666668,48.333333333333336,-1
5,Away,D,0.0,0.0,Bournemouth,1.8,1.0,64.0,Chelsea,1.0,0.3333333333333333,2.1,0.7333333333333334,68.66666666666667,0
5,Home,W,3.0,1.0,Crystal Palace,3.0,1.2,66.0,Aston-Villa,2.0,1.6666666666666667,2.0666666666666664,1.4666666666666666,48.666666666666664,1
5,Home,L,0.0,1.0,Arsenal,0.3,1.0,26.0,Everton,0.6666666666666666,1.3333333333333333,1.3666666666666665,1.0999999999999999,42.333333333333336,-1
5,Away,W,3.0,1.0,Wolverhampton Wanderers,2.5,0.6,65.0,Liverpool,2.6666666666666665,0.6666666666666666,1.9666666666666668,1.1,56.333333333333336,1
5,Home,L,1.0,3.0,Brighton & Hove Albion,1.0,1.7,44.0,Manchester-United,1.6666666666666667,2.6666666666666665,1.5666666666666664,1.7333333333333332,51.666666666666664,-1
5,Away,L,0.0,1.0,Newcastle United,0.5,1.4,44.0,Brentford,1.0,1.3333333333333333,1.4666666666666668,1.4333333333333333,54.666666666666664,-1
5,Home,D,1.0,1.0,Burnley,0.7,0.5,46.0,Nottingham-Forest,1.3333333333333333,1.3333333333333333,0.9,1.8666666666666665,35.0,0
5,Away,D,1.0,1.0,Nottingham Forest,0.5,0.7,54.0,Burnley,1.3333333333333333,3.0,0.8333333333333334,1.8,52.666666666666664,0
5,Away,W,3.0,1.0,Manchester United,1.7,1.0,56.0,Brighton-and-Hove-Albion,2.3333333333333335,1.6666666666666667,1.5,1.7333333333333332,63.333333333333336,1
5,Away,L,0.0,1.0,Fulham,1.1,1.0,23.0,Luton-Town,0.3333333333333333,2.0,0.9666666666666668,1.4000000000000001,31.666666666666668,-1
5,Away,L,1.0,2.0,Tottenham Hotspur,0.7,2.1,30.0,Sheffield-United,1.3333333333333333,2.0,0.8666666666666666,2.6999999999999997,32.333333333333336,-1
5,Home,W,1.0,0.0,Luton Town,1.0,1.1,77.0,Fulham,1.3333333333333333,2.3333333333333335,1.0,2.1666666666666665,46.0,1
5,Away,W,1.0,0.0,Everton,1.0,0.3,74.0,Arsenal,2.0,1.0,2.1666666666666665,0.6,66.66666666666667,1
5,Home,L,1.0,3.0,Manchester City,0.9,3.6,32.0,West-Ham-United,2.0,1.6666666666666667,1.6333333333333335,2.1666666666666665,38.333333333333336,-1
5,Away,L,1.0,3.0,Aston Villa,1.2,3.0,34.0,Crystal-Palace,1.6666666666666667,2.0,1.3666666666666665,1.7333333333333334,39.0,-1
5,Home,W,1.0,0.0,Brentford,1.4,0.5,56.0,Newcastle-United,1.0,1.6666666666666667,1.5333333333333332,0.9,53.0,1
5,Home,W,2.0,1.0,Sheffield United,2.1,0.7,70.0,Tottenham-Hotspur,3.0,1.0,2.1333333333333333,0.9,59.666666666666664,1
6,Home,L,0.0,1.0,Manchester United,1.1,1.0,61.0,Burnley,1.0,2.3333333333333335,0.9666666666666668,1.3,54.0,-1
6,Home,D,2.0,2.0,Tottenham Hotspur,1.8,1.4,47.0,Arsenal,2.0,1.0,1.7,0.8666666666666667,58.666666666666664,0
6,Away,D,0.0,0.0,Crystal Palace,0.6,0.3,49.0,Fulham,0.6666666666666666,1.6666666666666667,1.0,1.2,52.666666666666664,0
6,Home,D,1.0,1.0,Wolverhampton Wanderers,2.1,0.6,57.0,Luton-Town,0.6666666666666666,1.3333333333333333,1.5333333333333332,0.8666666666666667,39.666666666666664,0
6,Away,W,3.0,1.0,Brentford,1.9,1.0,43.0,Everton,1.6666666666666667,1.3333333333333333,1.5666666666666667,1.0666666666666667,41.0,1
6,Home,W,3.0,1.0,West Ham United,3.0,1.1,63.0,Liverpool,3.0,0.6666666666666666,2.6666666666666665,0.8000000000000002,63.666666666666664,1
6,Away,W,8.0,0.0,Sheffield United,3.9,0.9,58.0,Newcastle-United,3.3333333333333335,1.0,2.1666666666666665,0.9,52.666666666666664,1
6,Away,W,1.0,0.0,Burnley,1.0,1.1,39.0,Manchester-United,1.0,2.0,0.9666666666666667,1.7,42.666666666666664,1
6,Away,W,1.0,0.0,Chelsea,1.0,1.3,47.0,Aston-Villa,1.3333333333333333,1.3333333333333333,1.5666666666666664,1.6666666666666667,50.0,1
6,Home,W,3.0,1.0,Bournemouth,1.9,1.1,61.0,Brighton-and-Hove-Albion,3.0,1.0,1.6333333333333335,1.0999999999999999,57.666666666666664,1
6,Away,L,1.0,3.0,Brighton & Hove Albion,1.1,1.9,39.0,Bournemouth,1.0,1.6666666666666667,1.4000000000000004,2.1999999999999997,38.333333333333336,-1
6,Away,D,2.0,2.0,Arsenal,1.4,1.8,53.0,Tottenham-Hotspur,3.0,1.6666666666666667,1.9000000000000004,1.2666666666666666,58.666666666666664,0
6,Away,D,1.0,1.0,Luton Town,0.6,2.1,43.0,Wolverhampton-Wanderers,1.3333333333333333,2.3333333333333335,0.7999999999999999,2.233333333333334,45.0,0
6,Home,W,2.0,0.0,Nottingham Forest,1.3,1.0,57.0,Manchester-City,3.3333333333333335,0.6666666666666666,2.3666666666666667,1.0999999999999999,64.33333333333333,1
6,Home,L,1.0,3.0,Everton,1.0,1.9,57.0,Brentford,1.0,2.0,1.4666666666666668,1.8,53.666666666666664,-1
6,Home,D,0.0,0.0,Fulham,0.3,0.6,51.0,Crystal-Palace,1.3333333333333333,1.6666666666666667,1.2,1.5999999999999999,42.666666666666664,0
6,Home,L,0.0,1.0,Aston Villa,1.3,1.0,53.0,Chelsea,0.0,0.6666666666666666,1.7999999999999998,0.9333333333333335,64.0,-1
6,Away,L,1.0,3.0,Liverpool,1.1,3.0,37.0,West-Ham-United,1.3333333333333333,2.3333333333333335,1.0,2.6666666666666665,43.333333333333336,-1
6,Away,L,0.0,2.0,Manchester City,1.0,1.3,43.0,Nottingham-Forest,0.6666666666666666,1.0,0.8333333333333334,1.3666666666666665,38.0,-1
6,Home,L,0.0,8.0,Newcastle United,0.9,3.9,42.0,Sheffield-United,1.0,4.0,0.9333333333333332,2.8333333333333335,39.333333333333336,-1
7,Home,D,1.0,1.0,Brentford,0.5,1.6,41.0,Nottingham-Forest,0.6666666666666666,1.3333333333333333,0.7333333333333334,1.1333333333333335,43.333333333333336,0
7,Away,W,2.0,1.0,Everton,0.9,2.9,33.0,Luton-Town,1.0,1.0,1.366666666666667,1.5,37.666666666666664,1
7,Home,W,2.0,0.0,Sheffield United,2.1,1.1,52.0,West-Ham-United,1.3333333333333333,2.0,1.3666666666666665,2.5666666666666664,40.333333333333336,1
7,Away,L,0.0,2.0,Newcastle United,0.6,3.1,47.0,Burnley,0.3333333333333333,1.3333333333333333,0.7333333333333334,1.6000000000000003,54.0,-1
7,Home,W,6.0,1.0,Brighton & Hove Albion,1.6,1.7,39.0,Aston-Villa,3.3333333333333335,0.6666666666666666,1.8666666666666665,1.4000000000000001,50.666666666666664,1
7,Home,W,2.0,0.0,Burnley,3.1,0.6,53.0,Newcastle-United,3.6666666666666665,0.0,2.8000000000000003,0.6666666666666666,55.666666666666664,1
7,Away,L,0.0,2.0,West Ham United,1.1,2.1,48.0,Sheffield-United,0.3333333333333333,4.0,0.9,2.6999999999999997,40.0,-1
7,Home,W,2.0,1.0,Manchester City,0.4,0.9,32.0,Wolverhampton-Wanderers,1.3333333333333333,1.6666666666666667,0.5333333333333333,1.8333333333333333,36.666666666666664,1
7,Home,W,2.0,1.0,Liverpool,2.2,1.3,64.0,Tottenham-Hotspur,2.0,1.3333333333333333,1.9000000000000001,1.2666666666666666,62.333333333333336,1
7,Away,L,1.0,2.0,Wolverhampton Wanderers,0.9,0.4,68.0,Manchester-City,2.0,1.0,1.9333333333333336,0.7666666666666666,64.33333333333333,-1
7,Away,W,2.0,0.0,Fulham,1.7,1.1,44.0,Chelsea,0.6666666666666666,0.3333333333333333,1.5999999999999999,1.0333333333333334,53.666666666666664,1
7,Away,L,1.0,2.0,Tottenham Hotspur,1.3,2.2,36.0,Liverpool,2.3333333333333335,1.3333333333333333,2.2666666666666666,1.3,54.666666666666664,-1
7,Away,W,1.0,0.0,Manchester United,0.9,1.3,23.0,Crystal-Palace,0.6666666666666666,1.0,0.7999999999999998,1.6333333333333335,36.0,1
7,Home,L,0.0,1.0,Crystal Palace,1.3,0.9,77.0,Manchester-United,0.6666666666666666,1.3333333333333333,1.0999999999999999,1.2333333333333334,53.333333333333336,-1
7,Home,L,1.0,2.0,Luton Town,2.9,0.9,67.0,Everton,1.3333333333333333,1.3333333333333333,1.7,0.9666666666666667,45.333333333333336,-1
7,Away,L,1.0,6.0,Aston Villa,1.7,1.6,61.0,Brighton-and-Hove-Albion,2.3333333333333335,2.6666666666666665,1.7666666666666666,1.2333333333333334,59.333333333333336,-1
7,Home,L,0.0,4.0,Arsenal,0.6,3.4,43.0,Bournemouth,0.3333333333333333,2.3333333333333335,0.9000000000000002,2.3666666666666667,39.333333333333336,-1
7,Away,D,1.0,1.0,Nottingham Forest,1.6,0.5,59.0,Brentford,0.6666666666666666,1.6666666666666667,1.0333333333333334,1.2666666666666664,53.333333333333336,0
7,Away,W,4.0,0.0,Bournemouth,3.4,0.6,57.0,Arsenal,2.3333333333333335,0.6666666666666666,2.066666666666667,0.7666666666666666,59.333333333333336,1
7,Home,L,0.0,2.0,Chelsea,1.1,1.7,56.0,Fulham,0.3333333333333333,0.6666666666666666,0.9,1.0333333333333334,60.666666666666664,-1
8,Home,D,1.0,1.0,Aston Villa,1.7,1.6,47.0,Wolverhampton-Wanderers,1.3333333333333333,1.0,0.8999999999999999,1.5333333333333332,40.666666666666664,0
8,Home,D,2.0,2.0,Newcastle United,1.2,2.0,36.0,West-Ham-United,1.6666666666666667,1.6666666666666667,1.4666666666666668,2.033333333333333,41.666666666666664,0
8,Home,D,0.0,0.0,Nottingham Forest,0.8,1.0,52.0,Crystal-Palace,0.3333333333333333,0.0,0.6666666666666665,0.9666666666666667,42.0,0
8,Home,D,2.0,2.0,Liverpool,2.3,2.3,46.0,Brighton-and-Hove-Albion,2.0,3.0,1.9666666666666666,1.6666666666666667,56.0,0
8,Away,D,2.0,2.0,West Ham United,2.0,1.2,64.0,Newcastle-United,4.0,0.6666666666666666,3.0,0.8999999999999999,58.333333333333336,0
8,Away,W,4.0,1.0,Burnley,1.9,0.7,62.0,Chelsea,2.0,0.6666666666666666,1.6333333333333335,0.9333333333333332,53.0,1
8,Away,D,1.0,1.0,Wolverhampton Wanderers,1.6,1.7,53.0,Aston-Villa,2.6666666666666665,0.6666666666666666,1.3999999999999997,1.5666666666666664,46.333333333333336,0
8,Away,L,0.0,1.0,Arsenal,0.5,0.4,51.0,Manchester-City,1.0,1.0,0.9,0.6,58.666666666666664,-1
8,Away,D,2.0,2.0,Brighton & Hove Albion,2.3,2.3,54.0,Liverpool,2.0,1.6666666666666667,2.2,1.8666666666666665,51.0,0
8,Away,W,1.0,0.0,Luton Town,1.9,0.8,66.0,Tottenham-Hotspur,1.6666666666666667,1.0,1.8333333333333333,1.3,61.0,1
8,Away,D,0.0,0.0,Crystal Palace,1.0,0.8,48.0,Nottingham-Forest,0.3333333333333333,1.0,0.8333333333333334,1.2333333333333334,44.0,0
8,Away,L,1.0,2.0,Manchester United,0.9,1.4,36.0,Brentford,1.0,2.0,1.1666666666666667,1.2666666666666664,50.666666666666664,-1
8,Home,W,1.0,0.0,Manchester City,0.4,0.5,49.0,Arsenal,2.3333333333333335,0.6666666666666666,1.866666666666667,0.8333333333333334,51.0,1
8,Home,W,3.0,0.0,Bournemouth,2.4,0.7,48.0,Everton,2.3333333333333335,1.0,2.4,0.8666666666666667,52.666666666666664,1
8,Home,L,1.0,4.0,Chelsea,0.7,1.9,38.0,Burnley,0.3333333333333333,2.3333333333333335,0.7999999999999999,2.0,48.666666666666664,-1
8,Away,L,0.0,3.0,Everton,0.7,2.4,52.0,Bournemouth,0.3333333333333333,3.3333333333333335,0.8000000000000002,2.566666666666667,44.666666666666664,-1
8,Away,L,1.0,3.0,Fulham,0.6,2.2,40.0,Sheffield-United,0.3333333333333333,4.333333333333333,0.8666666666666666,2.733333333333334,43.333333333333336,-1
8,Home,W,2.0,1.0,Brentford,1.4,0.9,64.0,Manchester-United,1.0,0.6666666666666666,1.2333333333333334,0.9666666666666667,60.0,1
8,Home,L,0.0,1.0,Tottenham Hotspur,0.8,1.9,34.0,Luton-Town,1.0,1.0,1.2666666666666668,1.8,41.333333333333336,-1
8,Home,W,3.0,1.0,Sheffield United,2.2,0.6,60.0,Fulham,1.0,1.0,1.3,0.8666666666666667,55.0,1
9,Home,W,2.0,0.0,Everton,2.2,0.1,77.0,Liverpool,1.6666666666666667,1.3333333333333333,1.9333333333333336,1.5333333333333334,55.666666666666664,1
9,Away,W,2.0,1.0,Bournemouth,2.4,0.6,65.0,Wolverhampton-Wanderers,1.6666666666666667,1.0,1.5,1.0333333333333334,48.0,1
9,Away,L,0.0,2.0,Liverpool,0.1,2.2,23.0,Everton,1.3333333333333333,1.3333333333333333,1.7999999999999998,1.2666666666666668,46.0,-1
9,Away,W,2.0,1.0,Sheffield United,1.1,1.4,62.0,Manchester-United,1.3333333333333333,1.0,1.2666666666666666,1.0666666666666667,67.66666666666667,1
9,Home,D,2.0,2.0,Luton Town,2.9,1.7,57.0,Nottingham-Forest,1.0,1.0,1.4666666666666668,1.366666666666667,48.666666666666664,0
9,Away,D,2.0,2.0,Nottingham Forest,1.7,2.9,43.0,Luton-Town,1.3333333333333333,1.3333333333333333,1.1333333333333333,2.566666666666667,36.666666666666664,0
9,Home,L,1.0,2.0,Wolverhampton Wanderers,0.6,2.4,35.0,Bournemouth,0.3333333333333333,3.0,0.6333333333333334,2.733333333333333,43.333333333333336,-1
9,Home,W,2.0,1.0,Brighton & Hove Albion,0.8,0.8,55.0,Manchester-City,1.0,1.3333333333333333,0.7333333333333334,0.5333333333333333,58.0,1
9,Away,L,1.0,4.0,Aston Villa,1.1,1.9,42.0,West-Ham-United,1.6666666666666667,2.0,1.4666666666666668,1.6666666666666667,43.333333333333336,-1
9,Home,W,3.0,0.0,Burnley,3.1,1.1,50.0,Brentford,1.6666666666666667,1.0,1.8666666666666665,0.9999999999999999,48.333333333333336,1
9,Away,L,0.0,4.0,Newcastle United,1.2,2.4,41.0,Crystal-Palace,0.3333333333333333,1.3333333333333333,0.9666666666666665,1.5666666666666664,38.666666666666664,-1
9,Home,L,1.0,2.0,Manchester United,1.4,1.1,38.0,Sheffield-United,0.6666666666666666,2.3333333333333335,1.0333333333333332,1.8,42.0,-1
9,Away,L,0.0,2.0,Tottenham Hotspur,1.0,1.5,45.0,Fulham,1.0,1.6666666666666667,1.4333333333333336,1.2666666666666668,53.666666666666664,-1
9,Away,D,2.0,2.0,Chelsea,1.0,1.3,56.0,Arsenal,2.3333333333333335,0.6666666666666666,1.6000000000000003,0.7999999999999999,54.0,0
9,Home,W,4.0,0.0,Crystal Palace,2.4,1.2,59.0,Newcastle-United,2.6666666666666665,0.6666666666666666,2.5,1.0,58.666666666666664,1
9,Home,W,2.0,0.0,Fulham,1.5,1.0,55.0,Tottenham-Hotspur,1.6666666666666667,0.3333333333333333,1.8666666666666665,1.0333333333333334,61.666666666666664,1
9,Home,D,2.0,2.0,Arsenal,1.3,1.0,44.0,Chelsea,2.6666666666666665,1.0,1.6333333333333335,0.9333333333333332,50.0,0
9,Home,W,4.0,1.0,West Ham United,1.9,1.1,58.0,Aston-Villa,3.6666666666666665,1.0,1.7,1.5,50.0,1
9,Away,L,0.0,3.0,Brentford,1.1,3.1,50.0,Burnley,0.3333333333333333,3.0,0.7999999999999999,2.7000000000000006,45.0,-1
9,Away,L,1.0,2.0,Manchester City,0.8,0.8,45.0,Brighton-and-Hove-Albion,1.3333333333333333,3.3333333333333335,1.5999999999999999,1.5666666666666667,50.666666666666664,-1
10,Away,W,3.0,0.0,Manchester United,4.0,0.9,60.0,Manchester-City,1.6666666666666667,0.6666666666666666,1.7666666666666668,0.7000000000000001,55.333333333333336,1
10,Home,L,0.0,2.0,Brentford,1.9,2.2,68.0,Chelsea,2.0,1.6666666666666667,1.7,1.3,58.0,-1
10,Away,W,2.0,0.0,Chelsea,2.2,1.9,32.0,Brentford,2.0,0.6666666666666666,2.066666666666667,1.4666666666666666,39.333333333333336,1
10,Away,W,2.0,1.0,Crystal Palace,1.1,0.6,75.0,Tottenham-Hotspur,1.6666666666666667,0.3333333333333333,1.5,0.7999999999999999,65.33333333333333,1
10,Home,W,2.0,1.0,Burnley,1.1,0.8,45.0,Bournemouth,1.0,2.0,0.8000000000000002,1.866666666666667,44.0,1
10,Away,L,1.0,2.0,Bournemouth,0.8,1.1,55.0,Burnley,0.6666666666666666,3.0,0.8666666666666666,2.0333333333333337,47.666666666666664,-1
10,Away,D,1.0,1.0,Brighton & Hove Albion,0.7,1.4,29.0,Fulham,1.3333333333333333,1.3333333333333333,1.3,1.1666666666666667,44.666666666666664,0
10,Home,L,0.0,3.0,Manchester City,0.9,4.0,40.0,Manchester-United,1.3333333333333333,1.6666666666666667,1.1333333333333335,2.1,55.333333333333336,-1
10,Away,W,1.0,0.0,West Ham United,0.8,0.7,36.0,Everton,1.3333333333333333,0.6666666666666666,1.0999999999999999,1.2000000000000002,35.666666666666664,1
10,Home,D,2.0,2.0,Newcastle United,0.9,2.2,43.0,Wolverhampton-Wanderers,1.6666666666666667,1.3333333333333333,1.6666666666666667,1.4666666666666668,51.666666666666664,0
10,Home,W,5.0,0.0,Sheffield United,2.8,0.0,67.0,Arsenal,2.6666666666666665,0.6666666666666666,1.3999999999999997,0.6,57.333333333333336,1
10,Home,D,1.0,1.0,Fulham,1.4,0.7,71.0,Brighton-and-Hove-Albion,1.3333333333333333,1.6666666666666667,1.4999999999999998,1.2666666666666666,54.0,0
10,Home,L,0.0,1.0,Everton,0.7,0.8,64.0,West-Ham-United,1.0,2.3333333333333335,1.0,1.5666666666666667,47.333333333333336,-1
10,Home,L,1.0,2.0,Tottenham Hotspur,0.6,1.1,25.0,Crystal-Palace,0.3333333333333333,2.0,0.8666666666666666,1.5,39.333333333333336,-1
10,Home,W,3.0,1.0,Luton Town,2.3,0.5,70.0,Aston-Villa,2.6666666666666665,1.0,1.933333333333333,1.0999999999999999,60.333333333333336,1
10,Away,L,1.0,3.0,Aston Villa,0.5,2.3,30.0,Luton-Town,1.0,2.0,1.0,2.3666666666666667,35.666666666666664,-1
10,Away,D,2.0,2.0,Wolverhampton Wanderers,2.2,0.9,57.0,Newcastle-United,2.6666666666666665,1.3333333333333333,2.2,1.0999999999999999,60.0,0
10,Away,L,0.0,5.0,Arsenal,0.0,2.8,33.0,Sheffield-United,0.6666666666666666,3.3333333333333335,0.6666666666666665,2.033333333333333,37.0,-1
10,Home,W,3.0,0.0,Nottingham Forest,3.2,0.4,72.0,Liverpool,2.3333333333333335,0.6666666666666666,2.566666666666667,0.9333333333333332,67.66666666666667,1
10,Away,L,0.0,3.0,Liverpool,0.4,3.2,28.0,Nottingham-Forest,0.6666666666666666,1.6666666666666667,1.4333333333333333,1.9000000000000001,44.333333333333336,-1
11,Away,L,1.0,2.0,Sheffield United,1.2,1.0,61.0,Wolverhampton-Wanderers,1.6666666666666667,1.6666666666666667,1.5,1.2666666666666668,56.333333333333336,-1
11,Home,L,1.0,4.0,Chelsea,0.9,4.1,40.0,Tottenham-Hotspur,1.6666666666666667,1.6666666666666667,1.1666666666666667,1.8999999999999997,56.666666666666664,-1
11,Home,D,1.0,1.0,Brighton & Hove Albion,0.7,0.5,21.0,Everton,0.6666666666666666,1.0,0.5333333333333333,1.1333333333333335,26.666666666666668,0
11,Away,W,1.0,0.0,Fulham,0.7,1.0,55.0,Manchester-United,1.0,1.3333333333333333,0.8999999999999999,2.1333333333333333,52.333333333333336,1
11,Away,L,0.0,2.0,Nottingham Forest,1.2,0.4,73.0,Aston-Villa,2.3333333333333335,1.3333333333333333,1.7999999999999998,0.6666666666666666,67.0,-1
11,Home,L,0.0,1.0,Manchester United,1.0,0.7,45.0,Fulham,0.3333333333333333,1.3333333333333333,0.9,1.2,39.666666666666664,-1
11,Away,D,1.0,1.0,Everton,0.5,0.7,79.0,Brighton-and-Hove-Albion,1.0,1.3333333333333333,0.8999999999999998,0.7333333333333334,65.0,0
11,Home,L,0.0,2.0,Crystal Palace,1.1,1.3,67.0,Burnley,0.3333333333333333,2.3333333333333335,1.0,1.8333333333333337,57.333333333333336,-1
11,Away,D,1.0,1.0,Luton Town,2.6,0.8,73.0,Liverpool,2.0,0.3333333333333333,2.6666666666666665,0.43333333333333335,74.0,0
11,Home,D,1.0,1.0,Liverpool,0.8,2.6,27.0,Luton-Town,1.3333333333333333,2.0,1.0,2.5999999999999996,33.333333333333336,0
11,Home,W,2.0,0.0,Aston Villa,0.4,1.2,27.0,Nottingham-Forest,1.3333333333333333,1.6666666666666667,1.2333333333333334,2.0333333333333337,37.333333333333336,1
11,Away,W,2.0,0.0,Burnley,1.3,1.1,33.0,Crystal-Palace,1.0,2.0,1.0333333333333332,1.5333333333333332,33.0,1
11,Home,W,6.0,1.0,Bournemouth,1.9,0.9,65.0,Manchester-City,3.6666666666666665,0.6666666666666666,2.233333333333334,0.8666666666666667,60.0,1
11,Away,L,0.0,1.0,Newcastle United,0.6,1.0,58.0,Arsenal,2.3333333333333335,1.0,1.4666666666666666,0.7666666666666666,60.333333333333336,-1
11,Away,W,4.0,1.0,Tottenham Hotspur,4.1,0.9,60.0,Chelsea,2.0,1.6666666666666667,2.433333333333333,1.366666666666667,57.333333333333336,1
11,Home,W,3.0,2.0,West Ham United,1.5,1.8,58.0,Brentford,2.6666666666666665,0.6666666666666666,2.2666666666666666,1.5999999999999999,46.666666666666664,1
11,Home,W,2.0,1.0,Wolverhampton Wanderers,1.0,1.2,39.0,Sheffield-United,1.0,2.6666666666666665,0.7999999999999998,1.7,36.666666666666664,1
11,Away,L,2.0,3.0,Brentford,1.8,1.5,42.0,West-Ham-United,1.0,2.6666666666666665,1.2,1.4000000000000001,49.333333333333336,-1
11,Away,L,1.0,6.0,Manchester City,0.9,1.9,35.0,Bournemouth,1.3333333333333333,3.0,0.8666666666666668,1.7000000000000002,38.333333333333336,-1
11,Home,W,1.0,0.0,Arsenal,1.0,0.6,42.0,Newcastle-United,2.3333333333333335,0.6666666666666666,1.8666666666666665,0.8999999999999998,52.666666666666664,1
12,Home,D,4.0,4.0,Manchester City,2.9,2.9,45.0,Chelsea,2.6666666666666665,2.3333333333333335,2.966666666666667,2.0,57.666666666666664,0
12,Away,D,1.0,1.0,Brighton & Hove Albion,1.1,1.5,39.0,Sheffield-United,1.0,2.3333333333333335,0.6999999999999998,1.8333333333333333,37.0,0
12,Home,W,2.0,1.0,Tottenham Hotspur,2.1,0.7,42.0,Wolverhampton-Wanderers,1.6666666666666667,1.6666666666666667,1.4000000000000001,1.3,48.666666666666664,1
12,Away,D,4.0,4.0,Chelsea,2.9,2.9,55.0,Manchester-City,4.333333333333333,1.6666666666666667,2.9333333333333336,1.5666666666666667,60.0,0
12,Home,W,2.0,0.0,Newcastle United,2.4,0.5,48.0,Bournemouth,1.6666666666666667,2.3333333333333335,1.4666666666666668,1.0666666666666667,42.666666666666664,1
12,Home,W,3.0,1.0,Fulham,3.0,0.9,51.0,Aston-Villa,2.0,1.3333333333333333,2.1666666666666665,0.6,64.66666666666667,1
12,Home,W,1.0,0.0,Luton Town,2.2,0.4,64.0,Manchester-United,0.6666666666666666,1.0,1.2666666666666666,1.8000000000000005,53.0,1
12,Away,L,1.0,2.0,Wolverhampton Wanderers,0.7,2.1,58.0,Tottenham-Hotspur,1.3333333333333333,2.3333333333333335,0.9,2.266666666666666,57.666666666666664,-1
12,Away,L,0.0,2.0,Bournemouth,0.5,2.4,52.0,Newcastle-United,1.0,1.3333333333333333,1.2333333333333334,1.3,50.333333333333336,-1
12,Home,L,2.0,3.0,Everton,2.2,1.5,67.0,Crystal-Palace,1.6666666666666667,1.6666666666666667,1.3666666666666665,1.2333333333333334,41.666666666666664,-1
12,Away,L,0.0,1.0,Manchester United,0.4,2.2,36.0,Luton-Town,0.6666666666666666,1.6666666666666667,0.5666666666666668,2.3666666666666667,31.0,-1
12,Away,L,0.0,3.0,Liverpool,1.6,1.7,42.0,Brentford,1.6666666666666667,1.6666666666666667,1.7666666666666668,1.7999999999999998,44.0,-1
12,Away,L,1.0,3.0,Arsenal,0.3,1.8,37.0,Burnley,0.6666666666666666,2.3333333333333335,0.7333333333333334,1.4000000000000004,53.0,-1
12,Home,W,3.0,0.0,Brentford,1.7,1.6,58.0,Liverpool,2.3333333333333335,0.3333333333333333,2.5000000000000004,0.9333333333333332,67.66666666666667,1
12,Home,D,1.0,1.0,Sheffield United,1.5,1.1,61.0,Brighton-and-Hove-Albion,1.0,1.0,1.133333333333333,0.8333333333333334,70.33333333333333,0
12,Home,W,3.0,2.0,Nottingham Forest,1.8,1.7,54.0,West-Ham-United,1.6666666666666667,2.0,1.4333333333333333,1.3333333333333333,53.333333333333336,1
12,Away,L,2.0,3.0,West Ham United,1.7,1.8,46.0,Nottingham-Forest,1.3333333333333333,2.0,0.8333333333333334,2.066666666666667,33.666666666666664,-1
12,Away,L,1.0,3.0,Aston Villa,0.9,3.0,49.0,Fulham,0.6666666666666666,1.6666666666666667,0.8666666666666667,1.7,41.0,-1
12,Home,W,3.0,1.0,Burnley,1.8,0.3,63.0,Arsenal,2.6666666666666665,0.6666666666666666,1.7333333333333332,0.43333333333333335,62.666666666666664,1
12,Away,W,3.0,2.0,Crystal Palace,1.5,2.2,33.0,Everton,1.6666666666666667,1.0,1.0,1.1333333333333335,30.0,1
13,Home,L,1.0,2.0,West Ham United,1.3,0.9,50.0,Burnley,0.6666666666666666,2.3333333333333335,0.9,1.3333333333333337,51.333333333333336,-1
13,Home,W,2.0,1.0,Crystal Palace,0.9,1.6,39.0,Luton-Town,1.0,1.0,0.7000000000000001,2.1333333333333333,34.0,1
13,Home,W,3.0,2.0,Wolverhampton Wanderers,2.9,1.4,60.0,Fulham,1.3333333333333333,2.0,1.5999999999999999,1.7,51.333333333333336,1
13,Home,L,0.0,3.0,Manchester United,2.4,2.2,51.0,Everton,1.3333333333333333,2.0,1.5333333333333332,1.6333333333333335,35.0,-1
13,Away,W,1.0,0.0,Brentford,1.6,1.1,63.0,Arsenal,1.3333333333333333,0.6666666666666666,1.3333333333333333,0.8000000000000002,61.333333333333336,1
13,Home,L,1.0,2.0,Aston Villa,2.3,1.7,62.0,Tottenham-Hotspur,1.0,2.6666666666666665,1.3,2.6333333333333333,53.333333333333336,-1
13,Away,W,3.0,1.0,Sheffield United,2.9,0.8,54.0,Bournemouth,2.0,2.3333333333333335,2.066666666666667,1.0666666666666669,45.666666666666664,1
13,Away,D,1.0,1.0,Manchester City,0.6,1.3,41.0,Liverpool,1.6666666666666667,0.6666666666666666,1.6333333333333335,1.2333333333333334,57.333333333333336,0
13,Home,L,0.0,1.0,Arsenal,1.1,1.6,37.0,Brentford,1.0,2.0,1.4000000000000001,1.7,45.666666666666664,-1
13,Home,D,1.0,1.0,Liverpool,1.3,0.6,59.0,Manchester-City,3.6666666666666665,2.0,2.0333333333333337,1.4666666666666666,59.666666666666664,0
13,Away,L,1.0,2.0,Luton Town,1.6,0.9,61.0,Crystal-Palace,1.6666666666666667,1.6666666666666667,1.7,1.1666666666666667,53.666666666666664,-1
13,Away,L,1.0,4.0,Newcastle United,0.5,2.4,46.0,Chelsea,3.0,3.0,2.5,2.0666666666666664,50.333333333333336,-1
13,Away,W,3.0,2.0,Nottingham Forest,1.3,1.9,53.0,Brighton-and-Hove-Albion,1.6666666666666667,1.3333333333333333,1.0999999999999999,1.2333333333333334,64.33333333333333,1
13,Away,L,2.0,3.0,Fulham,1.4,2.9,40.0,Wolverhampton-Wanderers,1.6666666666666667,2.0,1.5666666666666667,1.5333333333333332,47.666666666666664,-1
13,Away,W,2.0,1.0,Tottenham Hotspur,1.7,2.3,38.0,Aston-Villa,1.6666666666666667,1.3333333333333333,1.9666666666666666,1.2,54.0,1
13,Away,W,2.0,1.0,Burnley,0.9,1.3,50.0,West-Ham-United,2.3333333333333335,2.0,1.5,1.5,48.666666666666664,1
13,Home,L,2.0,3.0,Brighton & Hove Albion,1.9,1.3,47.0,Nottingham-Forest,2.0,2.0,1.3333333333333333,1.4333333333333333,40.0,-1
13,Away,W,3.0,0.0,Everton,2.2,2.4,49.0,Manchester-United,1.6666666666666667,0.0,1.7,1.2666666666666668,56.0,1
13,Home,L,1.0,3.0,Bournemouth,0.8,2.9,46.0,Sheffield-United,1.3333333333333333,1.6666666666666667,0.9666666666666665,1.8666666666666665,41.333333333333336,-1
13,Home,W,4.0,1.0,Chelsea,2.4,0.5,54.0,Newcastle-United,1.6666666666666667,1.0,1.3,1.1666666666666667,49.333333333333336,1
14,Away,L,3.0,4.0,Liverpool,1.2,2.1,39.0,Fulham,2.3333333333333335,3.0,1.6666666666666667,2.1666666666666665,49.333333333333336,-1
14,Home,W,2.0,1.0,Wolverhampton Wanderers,2.8,0.7,57.0,Arsenal,2.0,0.6666666666666666,2.0666666666666664,0.7000000000000001,61.0,1
14,Away,D,2.0,2.0,Bournemouth,0.7,2.0,62.0,Aston-Villa,2.3333333333333335,1.3333333333333333,1.7999999999999996,1.7333333333333332,50.333333333333336,0
14,Away,L,0.0,5.0,Burnley,0.4,1.8,37.0,Sheffield-United,0.6666666666666666,3.0,0.7666666666666666,2.0666666666666664,40.666666666666664,-1
14,Away,L,1.0,3.0,Brentford,0.2,3.1,32.0,Luton-Town,1.0,1.6666666666666667,0.5,2.3000000000000003,35.666666666666664,-1
14,Away,D,3.0,3.0,Manchester City,0.5,2.6,45.0,Tottenham-Hotspur,1.6666666666666667,2.3333333333333335,1.1666666666666667,2.1333333333333333,55.0,0
14,Home,W,3.0,2.0,Brighton & Hove Albion,2.1,1.1,32.0,Chelsea,2.6666666666666665,3.3333333333333335,1.8333333333333333,2.1333333333333333,41.0,1
14,Away,L,2.0,3.0,Chelsea,1.1,2.1,68.0,Brighton-and-Hove-Albion,2.0,2.0,1.2999999999999998,1.7,60.666666666666664,-1
14,Home,L,0.0,1.0,Everton,0.7,0.7,61.0,Nottingham-Forest,1.3333333333333333,2.3333333333333335,1.4333333333333333,1.2666666666666666,51.333333333333336,-1
14,Away,L,1.0,2.0,Arsenal,0.7,2.8,43.0,Wolverhampton-Wanderers,1.6666666666666667,2.0,1.4000000000000001,2.1333333333333333,41.666666666666664,-1
14,Home,D,2.0,2.0,Aston Villa,2.0,0.7,38.0,Bournemouth,2.3333333333333335,1.0,2.433333333333333,0.6666666666666669,46.666666666666664,0
14,Home,D,1.0,1.0,Crystal Palace,1.1,0.9,55.0,West-Ham-United,2.0,1.3333333333333333,1.2666666666666668,1.3,53.0,0
14,Home,W,4.0,3.0,Fulham,2.1,1.2,61.0,Liverpool,2.6666666666666665,1.3333333333333333,1.4666666666666668,1.366666666666667,53.333333333333336,1
14,Home,W,1.0,0.0,Manchester United,2.4,0.5,58.0,Newcastle-United,1.6666666666666667,1.0,1.7666666666666666,1.1333333333333333,54.666666666666664,1
14,Away,L,0.0,1.0,Newcastle United,0.5,2.4,42.0,Manchester-United,1.3333333333333333,0.3333333333333333,1.6333333333333335,1.7333333333333336,51.666666666666664,-1
14,Away,D,1.0,1.0,West Ham United,0.9,1.1,45.0,Crystal-Palace,1.3333333333333333,2.0,1.5666666666666667,1.1666666666666667,57.666666666666664,0
14,Home,W,3.0,1.0,Luton Town,3.1,0.2,68.0,Brentford,1.0,1.6666666666666667,1.9333333333333336,1.1666666666666667,49.0,1
14,Home,D,3.0,3.0,Tottenham Hotspur,2.6,0.5,55.0,Manchester-City,2.6666666666666665,2.6666666666666665,2.266666666666667,1.3333333333333333,56.333333333333336,0
14,Away,W,1.0,0.0,Nottingham Forest,0.7,0.7,39.0,Everton,1.3333333333333333,1.6666666666666667,1.5333333333333332,1.7000000000000002,41.0,1
14,Home,W,5.0,0.0,Sheffield United,1.8,0.4,63.0,Burnley,2.3333333333333335,1.6666666666666667,1.1333333333333335,1.0333333333333339,50.0,1
15,Away,W,2.0,1.0,Tottenham Hotspur,2.2,1.8,26.0,West-Ham-United,1.6666666666666667,1.0,1.4000000000000001,1.3333333333333333,43.666666666666664,1
15,Home,L,0.0,2.0,Bournemouth,1.0,1.8,59.0,Crystal-Palace,0.6666666666666666,1.6666666666666667,1.1666666666666665,1.2666666666666666,55.0,-1
15,Home,W,3.0,0.0,Newcastle United,3.3,1.5,38.0,Everton,1.3333333333333333,1.0,2.1333333333333333,1.4666666666666668,42.666666666666664,1
15,Away,L,0.0,1.0,Aston Villa,0.6,2.3,54.0,Manchester-City,1.3333333333333333,1.6666666666666667,1.5000000000000002,1.1333333333333333,56.0,-1
15,Away,W,2.0,0.0,Sheffield United,1.7,1.0,75.0,Liverpool,2.3333333333333335,1.3333333333333333,1.4666666666666668,1.1666666666666667,59.0,1
15,Away,W,2.0,0.0,Crystal Palace,1.8,1.0,41.0,Bournemouth,2.3333333333333335,1.0,2.2333333333333334,0.8333333333333335,44.333333333333336,1
15,Away,L,0.0,3.0,Everton,1.5,3.3,62.0,Newcastle-United,1.6666666666666667,1.3333333333333333,2.1,1.4333333333333333,58.0,-1
15,Away,L,1.0,2.0,Brighton & Hove Albion,1.5,1.5,39.0,Brentford,1.3333333333333333,1.3333333333333333,1.9000000000000004,1.0999999999999999,48.0,-1
15,Home,L,3.0,4.0,Arsenal,0.5,2.2,34.0,Luton-Town,2.0,2.6666666666666665,0.5333333333333333,2.3000000000000003,35.0,-1
15,Home,W,2.0,1.0,Chelsea,4.1,1.5,45.0,Manchester-United,1.6666666666666667,0.6666666666666666,2.2666666666666666,2.1,45.333333333333336,1
15,Home,L,1.0,2.0,West Ham United,1.8,2.2,74.0,Tottenham-Hotspur,1.6666666666666667,2.3333333333333335,1.5333333333333332,2.166666666666667,60.333333333333336,-1
15,Home,W,2.0,1.0,Brentford,1.5,1.5,61.0,Brighton-and-Hove-Albion,2.3333333333333335,2.0,1.2999999999999998,1.8333333333333333,60.666666666666664,1
15,Away,W,4.0,3.0,Luton Town,2.2,0.5,66.0,Arsenal,2.3333333333333335,1.3333333333333333,2.1999999999999997,0.7666666666666666,62.0,1
15,Home,L,0.0,2.0,Liverpool,1.0,1.7,25.0,Sheffield-United,0.3333333333333333,3.3333333333333335,0.7333333333333333,2.1333333333333333,36.0,-1
15,Away,L,1.0,2.0,Manchester United,1.5,4.1,55.0,Chelsea,1.6666666666666667,2.6666666666666665,1.3666666666666665,2.533333333333333,44.333333333333336,-1
15,Home,W,1.0,0.0,Manchester City,2.3,0.6,46.0,Aston-Villa,1.6666666666666667,1.0,1.5666666666666664,1.633333333333333,48.666666666666664,1
15,Home,W,5.0,0.0,Nottingham Forest,2.5,0.3,63.0,Fulham,3.6666666666666665,2.0,2.1999999999999997,1.2666666666666664,54.0,1
15,Home,W,1.0,0.0,Burnley,0.8,0.9,51.0,Wolverhampton-Wanderers,1.3333333333333333,1.6666666666666667,0.9666666666666667,2.1999999999999997,44.666666666666664,1
15,Away,L,0.0,5.0,Fulham,0.3,2.5,37.0,Nottingham-Forest,0.6666666666666666,3.0,0.9666666666666667,1.5,48.333333333333336,-1
15,Away,L,0.0,1.0,Wolverhampton Wanderers,0.9,0.8,49.0,Burnley,2.0,1.0,1.3333333333333333,0.7000000000000003,54.0,-1
16,Away,D,1.0,1.0,Brighton & Hove Albion,0.6,2.6,28.0,Burnley,2.0,0.6666666666666666,1.0999999999999999,1.266666666666667,46.666666666666664,0
16,Away,L,0.0,5.0,Fulham,1.3,2.3,37.0,West-Ham-United,1.0,2.3333333333333335,1.5333333333333334,1.6666666666666667,39.333333333333336,-1
16,Home,W,2.0,0.0,Chelsea,1.2,0.9,29.0,Everton,2.0,0.0,1.7333333333333332,1.0333333333333334,35.333333333333336,1
16,Home,W,1.0,0.0,Arsenal,0.6,1.4,39.0,Aston-Villa,1.3333333333333333,0.6666666666666666,1.1999999999999995,1.3333333333333333,49.0,1
16,Away,L,0.0,1.0,Sheffield United,0.6,0.8,59.0,Brentford,1.3333333333333333,1.3333333333333333,1.7333333333333334,0.8333333333333331,55.333333333333336,-1
16,Away,L,0.0,2.0,Everton,0.9,1.2,71.0,Chelsea,1.3333333333333333,2.0,1.5,2.1333333333333333,52.666666666666664,-1
16,Home,L,1.0,2.0,Liverpool,1.7,1.2,24.0,Crystal-Palace,0.6666666666666666,1.6666666666666667,1.2,1.3666666666666665,42.666666666666664,-1
16,Home,W,4.0,1.0,Newcastle United,3.8,1.7,56.0,Tottenham-Hotspur,2.6666666666666665,2.0,2.033333333333333,2.166666666666667,58.333333333333336,1
16,Away,W,2.0,1.0,Luton Town,1.6,0.3,65.0,Manchester-City,1.6666666666666667,1.6666666666666667,1.6000000000000005,1.0333333333333332,58.0,1
16,Away,L,0.0,1.0,Aston Villa,1.4,0.6,61.0,Arsenal,2.0,1.6666666666666667,2.1333333333333333,0.6,61.333333333333336,-1
16,Home,L,0.0,3.0,Bournemouth,1.1,1.5,68.0,Manchester-United,0.6666666666666666,1.6666666666666667,1.8999999999999997,1.8,51.666666666666664,-1
16,Away,W,2.0,1.0,Crystal Palace,1.2,1.7,76.0,Liverpool,2.6666666666666665,1.3333333333333333,1.6666666666666667,1.3,70.66666666666667,1
16,Home,D,1.0,1.0,Burnley,2.6,0.6,72.0,Brighton-and-Hove-Albion,1.6666666666666667,1.6666666666666667,1.7333333333333334,1.3999999999999997,67.0,0
16,Home,D,1.0,1.0,Nottingham Forest,1.2,1.3,68.0,Wolverhampton-Wanderers,1.0,1.0,0.9,1.6666666666666667,54.0,0
16,Away,W,3.0,0.0,Manchester United,1.5,1.1,32.0,Bournemouth,2.3333333333333335,0.6666666666666666,1.7666666666666668,0.9333333333333336,37.0,1
16,Away,L,1.0,4.0,Tottenham Hotspur,1.7,3.8,44.0,Newcastle-United,0.6666666666666666,2.3333333333333335,1.8666666666666665,2.533333333333333,54.666666666666664,-1
16,Home,L,1.0,2.0,Manchester City,0.3,1.6,35.0,Luton-Town,1.6666666666666667,3.0,0.3333333333333333,2.3000000000000003,33.666666666666664,-1
16,Home,W,1.0,0.0,Brentford,0.8,0.6,41.0,Sheffield-United,0.3333333333333333,2.3333333333333335,0.7333333333333333,1.3666666666666665,34.333333333333336,1
16,Home,W,5.0,0.0,West Ham United,2.3,1.3,63.0,Fulham,4.333333333333333,1.3333333333333333,2.0,1.2333333333333332,55.0,1
16,Away,D,1.0,1.0,Wolverhampton Wanderers,1.3,1.2,32.0,Nottingham-Forest,0.3333333333333333,2.3333333333333335,0.7666666666666666,1.4666666666666668,43.333333333333336,0
17,Away,W,2.0,1.0,Brentford,1.4,0.5,66.0,Aston-Villa,1.3333333333333333,0.3333333333333333,1.433333333333333,0.8333333333333331,50.333333333333336,1
17,Away,W,2.0,0.0,Burnley,1.4,0.7,39.0,Everton,2.3333333333333335,0.0,1.9666666666666666,1.0333333333333334,35.333333333333336,1
17,Home,D,0.0,0.0,Manchester United,2.3,0.8,68.0,Liverpool,1.3333333333333333,0.3333333333333333,1.7333333333333334,1.1666666666666667,73.0,0
17,Home,W,2.0,0.0,Sheffield United,3.1,0.4,78.0,Chelsea,1.0,1.3333333333333333,1.8333333333333333,1.8999999999999997,68.0,1
17,Away,D,0.0,0.0,Liverpool,0.8,2.3,32.0,Manchester-United,0.6666666666666666,1.3333333333333333,2.0,1.7666666666666668,48.333333333333336,0
17,Away,W,2.0,0.0,Nottingham Forest,1.5,1.3,66.0,Tottenham-Hotspur,2.3333333333333335,1.0,2.3666666666666667,1.7333333333333334,65.33333333333333,1
17,Home,L,0.0,2.0,Tottenham Hotspur,1.3,1.5,34.0,Nottingham-Forest,0.3333333333333333,2.6666666666666665,0.9666666666666668,1.7333333333333334,34.333333333333336,-1
17,Away,D,2.0,2.0,Manchester City,1.8,1.6,26.0,Crystal-Palace,1.0,2.0,1.5,1.5333333333333332,36.333333333333336,0
17,Home,L,0.0,2.0,Everton,0.7,1.4,61.0,Burnley,0.3333333333333333,1.3333333333333333,0.7333333333333334,1.6000000000000003,46.0,-1
17,Home,W,2.0,0.0,Brighton & Hove Albion,2.3,0.7,49.0,Arsenal,2.0,1.3333333333333333,1.9666666666666668,0.6,58.666666666666664,1
17,Home,W,4.0,3.0,Luton Town,2.3,2.0,59.0,Bournemouth,3.0,1.0,1.866666666666667,1.366666666666667,44.0,1
17,Home,W,3.0,0.0,Wolverhampton Wanderers,1.1,0.7,45.0,West-Ham-United,1.6666666666666667,2.0,1.5333333333333334,1.5999999999999999,36.0,1
17,Home,L,1.0,2.0,Aston Villa,0.5,1.4,34.0,Brentford,0.6666666666666666,1.6666666666666667,0.8666666666666667,1.2333333333333332,44.0,-1
17,Home,W,3.0,0.0,Fulham,3.5,0.3,70.0,Newcastle-United,1.3333333333333333,2.3333333333333335,2.233333333333333,2.4666666666666663,58.666666666666664,1
17,Home,D,2.0,2.0,Crystal Palace,1.6,1.8,74.0,Manchester-City,1.3333333333333333,1.3333333333333333,1.266666666666667,1.4666666666666668,64.33333333333333,0
17,Away,L,0.0,2.0,Chelsea,0.4,3.1,22.0,Sheffield-United,0.3333333333333333,1.3333333333333333,0.7333333333333333,1.8,29.333333333333332,-1
17,Away,L,0.0,3.0,West Ham United,0.7,1.1,55.0,Wolverhampton-Wanderers,0.6666666666666666,1.3333333333333333,0.8999999999999999,1.1,58.0,-1
17,Away,L,3.0,4.0,Bournemouth,2.0,2.3,41.0,Luton-Town,2.3333333333333335,3.3333333333333335,0.9333333333333332,2.033333333333333,36.666666666666664,-1
17,Away,L,0.0,2.0,Arsenal,0.7,2.3,51.0,Brighton-and-Hove-Albion,1.0,1.3333333333333333,1.5999999999999999,1.4666666666666668,61.333333333333336,-1
17,Away,L,0.0,3.0,Newcastle United,0.3,3.5,30.0,Fulham,3.3333333333333335,1.0,1.7,1.7,52.0,-1
18,Away,L,0.0,2.0,West Ham United,1.0,1.2,65.0,Manchester-United,0.0,1.6666666666666667,0.9666666666666668,1.666666666666667,55.0,-1
18,Away,L,0.0,1.0,Manchester City,0.4,2.3,30.0,Brentford,0.3333333333333333,1.3333333333333333,0.5,1.4999999999999998,41.0,-1
18,Home,W,2.0,1.0,Chelsea,1.3,2.0,32.0,Wolverhampton-Wanderers,1.0,1.6666666666666667,1.0666666666666667,1.4666666666666668,51.666666666666664,1
18,Away,L,1.0,2.0,Wolverhampton Wanderers,2.0,1.3,68.0,Chelsea,1.0,1.3333333333333333,2.0,0.9666666666666667,72.33333333333333,-1
18,Home,D,1.0,1.0,Arsenal,1.0,0.7,52.0,Liverpool,1.0,0.6666666666666666,1.5,1.0666666666666667,65.33333333333333,0
18,Away,D,1.0,1.0,Crystal Palace,1.2,1.3,65.0,Brighton-and-Hove-Albion,0.6666666666666666,1.3333333333333333,1.5,1.4000000000000001,62.666666666666664,0
18,Home,D,1.0,1.0,Sheffield United,0.9,0.6,77.0,Aston-Villa,1.3333333333333333,0.6666666666666666,0.9666666666666663,0.8333333333333331,60.666666666666664,0
18,Home,D,1.0,1.0,Brighton & Hove Albion,1.3,1.2,35.0,Crystal-Palace,1.3333333333333333,1.6666666666666667,1.5999999999999999,1.3333333333333333,28.333333333333332,0
18,Away,W,2.0,0.0,Fulham,0.4,1.3,34.0,Burnley,1.0,1.0,0.5666666666666668,1.7666666666666668,41.0,1
18,Home,L,0.0,2.0,Burnley,1.3,0.4,66.0,Fulham,1.6666666666666667,1.6666666666666667,1.3,1.7333333333333334,53.0,-1
18,Away,D,1.0,1.0,Aston Villa,0.6,0.9,23.0,Sheffield-United,0.6666666666666666,1.0,0.6,1.5333333333333334,28.666666666666668,0
18,Away,L,1.0,2.0,Tottenham Hotspur,1.8,1.5,39.0,Everton,1.6666666666666667,0.6666666666666666,1.4666666666666666,1.0333333333333332,35.666666666666664,-1
18,Home,W,2.0,1.0,Everton,1.5,1.8,61.0,Tottenham-Hotspur,2.6666666666666665,0.6666666666666666,2.2666666666666666,1.5999999999999999,61.0,1
18,Away,L,0.0,1.0,Luton Town,1.4,1.4,65.0,Newcastle-United,1.3333333333333333,1.6666666666666667,2.1999999999999997,1.8333333333333333,59.666666666666664,-1
18,Home,W,2.0,0.0,Manchester United,1.2,1.0,35.0,West-Ham-United,1.6666666666666667,1.6666666666666667,1.2,1.3333333333333333,39.0,1
18,Away,D,1.0,1.0,Liverpool,0.7,1.0,48.0,Arsenal,1.0,0.6666666666666666,1.4666666666666666,0.7666666666666666,52.666666666666664,0
18,Away,W,3.0,2.0,Nottingham Forest,1.6,1.0,66.0,Bournemouth,3.3333333333333335,1.6666666666666667,1.8,1.366666666666667,52.333333333333336,1
18,Home,L,2.0,3.0,Bournemouth,1.0,1.6,34.0,Nottingham-Forest,1.0,2.0,1.2000000000000002,1.4333333333333333,33.333333333333336,-1
18,Home,W,1.0,0.0,Brentford,2.3,0.4,70.0,Manchester-City,1.6666666666666667,1.0,1.8333333333333337,0.8333333333333334,69.66666666666667,1
18,Home,W,1.0,0.0,Newcastle United,1.4,1.4,35.0,Luton-Town,1.6666666666666667,2.0,1.2333333333333334,1.7666666666666666,37.0,1
19,Home,L,0.0,2.0,West Ham United,2.7,1.4,73.0,Arsenal,1.0,1.0,1.8999999999999997,1.0333333333333332,56.666666666666664,-1
19,Home,W,4.0,2.0,Tottenham Hotspur,3.2,2.3,45.0,Brighton-and-Hove-Albion,1.6666666666666667,1.6666666666666667,1.7,1.9666666666666668,53.666666666666664,1
19,Away,W,3.0,1.0,Newcastle United,3.5,2.4,38.0,Nottingham-Forest,1.6666666666666667,2.0,1.9333333333333336,1.8333333333333333,35.333333333333336,1
19,Away,L,2.0,3.0,Manchester United,1.7,1.1,54.0,Aston-Villa,1.6666666666666667,1.6666666666666667,1.333333333333333,0.7333333333333333,65.66666666666667,-1
19,Home,W,2.0,1.0,Crystal Palace,2.6,1.1,63.0,Chelsea,1.6666666666666667,1.0,2.5666666666666664,0.9333333333333332,69.66666666666667,1
19,Away,W,2.0,0.0,Burnley,1.8,0.8,68.0,Liverpool,1.0,0.3333333333333333,1.7000000000000002,0.7666666666666666,62.666666666666664,1
19,Away,W,3.0,1.0,Everton,2.4,1.0,72.0,Manchester-City,2.0,1.0,2.1,1.0666666666666667,72.0,1
19,Away,W,4.0,1.0,Brentford,2.4,2.2,40.0,Wolverhampton-Wanderers,2.0,1.6666666666666667,1.4666666666666666,1.7666666666666668,42.333333333333336,1
19,Home,L,0.0,2.0,Liverpool,0.8,1.8,32.0,Burnley,0.6666666666666666,1.3333333333333333,0.6333333333333333,1.5000000000000002,42.333333333333336,-1
19,Home,W,3.0,2.0,Aston Villa,1.1,1.7,46.0,Manchester-United,1.0,1.3333333333333333,0.9666666666666668,1.7333333333333336,47.666666666666664,1
19,Away,L,0.0,3.0,Bournemouth,0.3,1.8,57.0,Fulham,0.0,2.6666666666666665,0.6333333333333334,1.8999999999999997,51.0,-1
19,Away,L,2.0,4.0,Brighton & Hove Albion,2.3,3.2,55.0,Tottenham-Hotspur,2.0,1.6666666666666667,1.7666666666666666,2.1,60.666666666666664,-1
19,Home,L,1.0,3.0,Manchester City,1.0,2.4,28.0,Everton,1.3333333333333333,1.6666666666666667,1.3999999999999997,1.5333333333333332,35.333333333333336,-1
19,Home,L,1.0,3.0,Nottingham Forest,2.4,3.5,62.0,Newcastle-United,1.3333333333333333,1.3333333333333333,2.433333333333333,1.7333333333333334,65.66666666666667,-1
19,Home,L,2.0,3.0,Luton Town,2.4,0.6,51.0,Sheffield-United,1.0,2.0,1.133333333333333,1.5333333333333334,32.0,-1
19,Home,W,3.0,0.0,Fulham,1.8,0.3,43.0,Bournemouth,3.3333333333333335,1.6666666666666667,1.9000000000000004,1.1000000000000003,56.0,1
19,Away,W,3.0,2.0,Sheffield United,0.6,2.4,49.0,Luton-Town,2.3333333333333335,2.0,1.3333333333333333,2.033333333333333,41.666666666666664,1
19,Away,W,2.0,0.0,Arsenal,1.4,2.7,27.0,West-Ham-United,2.3333333333333335,0.0,1.2333333333333332,1.4666666666666668,35.666666666666664,1
19,Away,L,1.0,2.0,Chelsea,1.1,2.6,37.0,Crystal-Palace,1.3333333333333333,1.6666666666666667,1.3999999999999997,1.8,32.666666666666664,-1
19,Home,L,1.0,4.0,Wolverhampton Wanderers,2.2,2.4,60.0,Brentford,0.6666666666666666,2.3333333333333335,1.0333333333333334,2.033333333333333,41.333333333333336,-1
20,Home,L,2.0,3.0,Chelsea,2.3,1.5,52.0,Luton-Town,2.0,1.6666666666666667,1.4333333333333333,1.7666666666666666,45.333333333333336,-1
20,Away,W,3.0,2.0,Luton Town,1.5,2.3,48.0,Chelsea,2.0,1.6666666666666667,2.033333333333333,1.5666666666666664,59.666666666666664,1
20,Home,W,2.0,0.0,Sheffield United,2.2,0.3,80.0,Manchester-City,2.0,0.3333333333333333,2.3000000000000003,0.5666666666666667,74.0,1
20,Home,W,4.0,2.0,Newcastle United,7.0,0.6,61.0,Liverpool,2.3333333333333335,1.0,3.266666666666667,0.7000000000000001,60.333333333333336,1
20,Home,W,3.0,1.0,Brentford,1.0,1.4,46.0,Crystal-Palace,1.6666666666666667,1.3333333333333333,1.1333333333333333,1.7333333333333334,39.333333333333336,1
20,Away,L,2.0,4.0,Liverpool,0.6,7.0,39.0,Newcastle-United,1.0,2.6666666666666665,1.4666666666666666,3.966666666666667,55.333333333333336,-1
20,Home,W,3.0,0.0,Everton,1.9,0.4,53.0,Wolverhampton-Wanderers,3.0,0.6666666666666666,1.8666666666666665,1.5333333333333334,41.666666666666664,1
20,Away,L,2.0,3.0,Aston Villa,1.2,3.2,36.0,Burnley,1.3333333333333333,1.6666666666666667,0.8000000000000002,2.1,34.0,-1
20,Home,D,0.0,0.0,Brighton & Hove Albion,0.7,2.3,32.0,West-Ham-United,1.3333333333333333,0.0,1.0999999999999999,2.0,31.333333333333332,0
20,Home,W,2.0,1.0,Manchester United,0.7,0.8,44.0,Nottingham-Forest,2.3333333333333335,1.6666666666666667,1.7333333333333334,1.5999999999999999,38.666666666666664,1
20,Home,W,2.0,1.0,Arsenal,1.2,1.6,40.0,Fulham,0.6666666666666666,2.0,0.9333333333333332,1.2666666666666666,54.333333333333336,1
20,Away,L,0.0,2.0,Manchester City,0.3,2.2,20.0,Sheffield-United,1.0,2.0,1.0999999999999999,1.2333333333333334,31.333333333333332,-1
20,Away,L,1.0,3.0,Tottenham Hotspur,1.7,2.3,50.0,Bournemouth,2.3333333333333335,1.6666666666666667,1.7000000000000004,1.2000000000000002,53.0,-1
20,Home,W,3.0,1.0,Bournemouth,2.3,1.7,50.0,Tottenham-Hotspur,2.3333333333333335,2.0,2.033333333333333,2.2333333333333334,55.333333333333336,1
20,Away,L,1.0,3.0,Crystal Palace,1.4,1.0,54.0,Brentford,0.6666666666666666,2.6666666666666665,1.3333333333333333,1.8999999999999997,48.0,-1
20,Away,L,1.0,2.0,Fulham,1.6,1.2,60.0,Arsenal,0.6666666666666666,1.6666666666666667,1.6666666666666667,1.2,60.333333333333336,-1
20,Away,L,1.0,2.0,Nottingham Forest,0.8,0.7,56.0,Manchester-United,1.3333333333333333,2.0,0.9666666666666668,1.2000000000000002,55.666666666666664,-1
20,Away,L,0.0,3.0,Wolverhampton Wanderers,0.4,1.9,47.0,Everton,0.6666666666666666,2.6666666666666665,1.0666666666666667,1.9333333333333333,38.0,-1
20,Away,D,0.0,0.0,West Ham United,2.3,0.7,68.0,Brighton-and-Hove-Albion,1.6666666666666667,1.0,2.233333333333333,1.4333333333333333,59.333333333333336,0
20,Home,W,3.0,2.0,Burnley,3.2,1.2,64.0,Aston-Villa,2.0,2.0,1.933333333333333,0.9666666666666665,65.0,1
21,Away,L,0.0,5.0,Arsenal,0.3,3.3,40.0,Crystal-Palace,1.3333333333333333,2.6666666666666665,0.7999999999999998,2.433333333333333,41.0,-1
21,Away,L,2.0,3.0,Brentford,1.2,1.2,52.0,Nottingham-Forest,2.3333333333333335,1.6666666666666667,1.8,1.4666666666666668,44.666666666666664,-1
21,Home,D,1.0,1.0,Luton Town,1.1,0.9,39.0,Burnley,1.0,2.0,1.0333333333333334,1.966666666666667,35.666666666666664,0
21,Away,D,2.0,2.0,Sheffield United,2.3,2.5,43.0,West-Ham-United,1.3333333333333333,0.6666666666666666,1.4666666666666668,2.5,34.0,0
21,Away,L,0.0,1.0,Chelsea,0.8,2.2,45.0,Fulham,0.6666666666666666,1.6666666666666667,0.7666666666666666,1.8666666666666665,47.333333333333336,-1
21,Home,W,5.0,0.0,Crystal Palace,3.3,0.3,60.0,Arsenal,2.0,1.3333333333333333,2.533333333333333,0.9666666666666667,64.33333333333333,1
21,Away,D,2.0,2.0,Manchester United,1.2,0.8,63.0,Tottenham-Hotspur,2.3333333333333335,2.3333333333333335,1.9333333333333333,1.9000000000000001,56.0,0
21,Home,L,2.0,3.0,Manchester City,1.3,3.0,28.0,Newcastle-United,1.6666666666666667,3.3333333333333335,1.433333333333333,4.5,43.0,-1
21,Home,D,0.0,0.0,Aston Villa,1.1,1.2,32.0,Everton,0.3333333333333333,2.0,0.8333333333333331,1.8333333333333333,35.666666666666664,0
21,Away,D,1.0,1.0,Burnley,0.9,1.1,61.0,Luton-Town,2.0,2.0,1.2666666666666666,1.6666666666666667,54.0,0
21,Away,D,0.0,0.0,Everton,1.2,1.1,68.0,Aston-Villa,1.6666666666666667,1.6666666666666667,2.0333333333333328,1.133333333333333,62.0,0
21,Home,D,2.0,2.0,Tottenham Hotspur,0.8,1.2,37.0,Manchester-United,2.0,2.0,0.9,1.2000000000000002,46.333333333333336,0
21,Home,D,2.0,2.0,West Ham United,2.5,2.3,57.0,Sheffield-United,1.3333333333333333,2.3333333333333335,1.7333333333333332,1.7,42.666666666666664,0
21,Away,D,0.0,0.0,Brighton & Hove Albion,1.1,1.0,28.0,Wolverhampton-Wanderers,2.3333333333333335,0.3333333333333333,1.8,1.2,40.333333333333336,0
21,Home,W,1.0,0.0,Fulham,2.2,0.8,55.0,Chelsea,2.0,1.0,2.1,1.3999999999999997,55.333333333333336,1
21,Away,W,4.0,0.0,Bournemouth,1.5,1.4,60.0,Liverpool,3.3333333333333335,0.6666666666666666,3.4333333333333336,0.9333333333333332,63.0,1
21,Home,W,3.0,2.0,Nottingham Forest,1.2,1.2,48.0,Brentford,1.6666666666666667,3.0,1.5999999999999999,1.5333333333333332,54.0,1
21,Home,D,0.0,0.0,Wolverhampton Wanderers,1.0,1.1,72.0,Brighton-and-Hove-Albion,1.3333333333333333,0.6666666666666666,2.1666666666666665,1.366666666666667,61.666666666666664,0
21,Away,W,3.0,2.0,Newcastle United,3.0,1.3,72.0,Manchester-City,2.6666666666666665,1.0,2.5333333333333337,0.8666666666666666,74.66666666666667,1
21,Home,L,0.0,4.0,Liverpool,1.4,1.5,40.0,Bournemouth,1.3333333333333333,2.3333333333333335,1.6333333333333335,1.366666666666667,44.333333333333336,-1
22,Away,L,2.0,3.0,Tottenham Hotspur,1.6,2.9,33.0,Brentford,2.0,2.6666666666666665,1.4000000000000001,1.7,45.0,-1
22,Away,W,3.0,1.0,Aston Villa,2.6,1.4,39.0,Newcastle-United,2.3333333333333335,2.6666666666666665,1.5,3.8000000000000003,35.333333333333336,1
22,Home,W,3.0,2.0,Brentford,2.9,1.6,67.0,Tottenham-Hotspur,2.6666666666666665,1.6666666666666667,2.1333333333333333,1.3666666666666665,60.0,1
22,Away,L,1.0,4.0,Liverpool,0.6,2.9,50.0,Chelsea,1.6666666666666667,2.0,1.4333333333333333,2.0,51.0,-1
22,Home,W,4.0,1.0,Chelsea,2.9,0.6,50.0,Liverpool,4.0,1.0,3.8000000000000003,0.8666666666666667,57.0,1
22,Home,D,0.0,0.0,Everton,1.6,1.9,70.0,Fulham,0.6666666666666666,0.6666666666666666,1.2,1.8999999999999997,51.666666666666664,0
22,Home,W,4.0,0.0,Brighton & Hove Albion,3.1,0.9,41.0,Luton-Town,2.3333333333333335,1.3333333333333333,2.1,1.1666666666666667,51.333333333333336,1
22,Home,D,1.0,1.0,Bournemouth,1.4,1.2,48.0,West-Ham-United,1.0,1.0,1.4666666666666668,2.0,41.0,0
22,Home,L,3.0,4.0,Manchester United,2.1,3.3,53.0,Wolverhampton-Wanderers,2.0,1.3333333333333333,1.7,1.5666666666666664,44.666666666666664,-1
22,Away,L,1.0,3.0,Manchester City,1.4,1.7,26.0,Burnley,1.3333333333333333,2.3333333333333335,1.2333333333333334,1.9333333333333338,33.666666666666664,-1
22,Home,L,1.0,3.0,Newcastle United,1.4,2.6,61.0,Aston-Villa,1.3333333333333333,1.6666666666666667,1.933333333333333,1.6333333333333335,64.33333333333333,-1
22,Away,D,0.0,0.0,Fulham,1.9,1.6,30.0,Everton,0.0,1.0,1.133333333333333,1.5666666666666667,36.333333333333336,0
22,Away,L,0.0,4.0,Luton Town,0.9,3.1,59.0,Brighton-and-Hove-Albion,0.0,1.3333333333333333,1.4000000000000001,1.6333333333333335,66.33333333333333,-1
22,Home,W,3.0,2.0,Sheffield United,1.1,0.8,53.0,Crystal-Palace,2.0,2.6666666666666665,0.7999999999999999,1.8333333333333333,46.333333333333336,1
22,Away,W,4.0,3.0,Wolverhampton Wanderers,3.3,2.1,47.0,Manchester-United,2.3333333333333335,2.3333333333333335,1.6333333333333335,1.3333333333333337,46.666666666666664,1
22,Away,L,2.0,3.0,Crystal Palace,0.8,1.1,47.0,Sheffield-United,1.3333333333333333,2.3333333333333335,1.2,1.866666666666667,41.333333333333336,-1
22,Away,D,1.0,1.0,West Ham United,1.2,1.4,52.0,Bournemouth,0.6666666666666666,2.6666666666666665,1.4333333333333336,1.7333333333333336,47.333333333333336,0
22,Away,W,2.0,1.0,Nottingham Forest,1.2,0.5,73.0,Arsenal,2.6666666666666665,1.0,2.033333333333333,0.6666666666666666,64.33333333333333,1
22,Home,L,1.0,2.0,Arsenal,0.5,1.2,27.0,Nottingham-Forest,1.6666666666666667,2.0,0.8000000000000002,1.0666666666666667,41.0,-1
22,Home,W,3.0,1.0,Burnley,1.7,1.4,74.0,Manchester-City,2.6666666666666665,1.0,2.3000000000000003,1.0,75.33333333333333,1
23,Home,W,3.0,0.0,West Ham United,0.7,1.4,51.0,Manchester-United,3.0,1.6666666666666667,1.5999999999999999,1.566666666666667,45.0,1
23,Home,W,4.0,1.0,Crystal Palace,1.4,0.3,68.0,Brighton-and-Hove-Albion,1.3333333333333333,1.6666666666666667,1.0999999999999999,1.5,66.33333333333333,1
23,Away,L,1.0,3.0,Arsenal,0.4,3.5,57.0,Liverpool,3.0,1.3333333333333333,1.6000000000000003,1.8333333333333333,55.666666666666664,-1
23,Away,D,2.0,2.0,Burnley,1.5,1.8,56.0,Fulham,0.6666666666666666,1.0,1.3,1.9666666666666668,57.0,0
23,Away,L,0.0,3.0,Manchester United,1.4,0.7,49.0,West-Ham-United,1.0,2.0,1.7,1.4666666666666668,46.666666666666664,-1
23,Away,D,1.0,1.0,Bournemouth,0.5,1.3,55.0,Nottingham-Forest,1.3333333333333333,2.0,0.7333333333333334,1.2333333333333334,44.666666666666664,0
23,Away,D,4.0,4.0,Newcastle United,2.4,2.3,45.0,Luton-Town,3.0,1.6666666666666667,2.1333333333333333,1.4333333333333333,49.0,0
23,Away,W,4.0,2.0,Chelsea,2.0,1.7,36.0,Wolverhampton-Wanderers,2.3333333333333335,2.0,1.7333333333333332,1.9999999999999998,39.0,1
23,Away,D,2.0,2.0,Everton,1.0,2.6,57.0,Tottenham-Hotspur,2.3333333333333335,2.0,1.7,1.6666666666666667,62.333333333333336,0
23,Home,D,1.0,1.0,Nottingham Forest,1.3,0.5,45.0,Bournemouth,0.6666666666666666,2.0,1.3000000000000003,1.1333333333333335,45.666666666666664,0
23,Away,L,1.0,4.0,Brighton & Hove Albion,0.3,1.4,32.0,Crystal-Palace,1.3333333333333333,3.6666666666666665,0.5666666666666667,1.8333333333333333,41.666666666666664,-1
23,Home,D,4.0,4.0,Luton Town,2.3,2.4,55.0,Newcastle-United,3.0,2.6666666666666665,2.0666666666666664,2.2666666666666666,40.666666666666664,0
23,Home,D,2.0,2.0,Fulham,1.8,1.5,44.0,Burnley,1.3333333333333333,2.0,1.4333333333333336,1.3666666666666671,36.333333333333336,0
23,Away,W,3.0,1.0,Brentford,2.1,1.0,72.0,Manchester-City,3.0,1.3333333333333333,2.266666666666667,1.2333333333333334,72.66666666666667,1
23,Home,D,2.0,2.0,Tottenham Hotspur,2.6,1.0,43.0,Everton,0.6666666666666666,0.6666666666666666,1.8666666666666665,1.2666666666666666,35.0,0
23,Away,W,5.0,0.0,Sheffield United,2.2,1.4,63.0,Aston-Villa,2.0,1.0,1.5999999999999996,1.7,64.0,1
23,Home,W,3.0,1.0,Liverpool,3.5,0.4,43.0,Arsenal,3.3333333333333335,0.6666666666666666,2.6666666666666665,0.39999999999999997,58.666666666666664,1
23,Home,L,0.0,5.0,Aston Villa,1.4,2.2,37.0,Sheffield-United,1.3333333333333333,3.3333333333333335,1.5666666666666667,1.8666666666666665,47.0,-1
23,Home,L,2.0,4.0,Wolverhampton Wanderers,1.7,2.0,64.0,Chelsea,1.3333333333333333,2.6666666666666665,1.5,1.8999999999999997,56.333333333333336,-1
23,Home,L,1.0,3.0,Manchester City,1.0,2.1,28.0,Brentford,2.0,2.6666666666666665,1.2666666666666666,2.0666666666666664,36.333333333333336,-1
24,Away,W,3.0,2.0,Nottingham Forest,0.5,1.5,61.0,Newcastle-United,3.3333333333333335,2.3333333333333335,1.7999999999999998,1.7666666666666666,51.666666666666664,1
24,Home,W,3.0,1.0,Burnley,2.8,1.3,70.0,Liverpool,2.6666666666666665,1.6666666666666667,2.0333333333333337,1.7999999999999998,59.0,1
24,Away,L,0.0,2.0,Manchester City,0.3,1.6,28.0,Everton,0.6666666666666666,1.3333333333333333,1.5999999999999999,1.4000000000000001,33.666666666666664,-1
24,Home,W,2.0,0.0,Everton,1.6,0.3,72.0,Manchester-City,2.6666666666666665,0.6666666666666666,1.8,0.9,72.66666666666667,1
24,Away,W,6.0,0.0,West Ham United,3.6,0.2,70.0,Arsenal,3.6666666666666665,0.6666666666666666,2.766666666666666,0.3666666666666667,62.0,1
24,Home,W,2.0,1.0,Brighton & Hove Albion,1.6,1.2,52.0,Tottenham-Hotspur,2.3333333333333335,1.6666666666666667,1.8333333333333333,1.8,58.666666666666664,1
24,Home,L,1.0,3.0,Sheffield United,1.8,1.7,74.0,Luton-Town,3.0,2.3333333333333335,2.433333333333333,1.633333333333333,53.333333333333336,-1
24,Away,L,1.0,3.0,Liverpool,1.3,2.8,30.0,Burnley,1.3333333333333333,2.6666666666666665,1.5,2.0000000000000004,33.333333333333336,-1
24,Away,W,3.0,1.0,Crystal Palace,1.4,0.6,77.0,Chelsea,2.0,3.0,1.2333333333333332,1.8333333333333333,63.666666666666664,1
24,Away,W,3.0,1.0,Luton Town,1.7,1.8,26.0,Sheffield-United,1.6666666666666667,3.0,1.3,1.7000000000000002,36.666666666666664,1
24,Home,L,1.0,2.0,Manchester United,2.4,1.8,56.0,Aston-Villa,2.3333333333333335,1.6666666666666667,1.9999999999999998,1.9333333333333333,60.0,-1
24,Away,L,1.0,3.0,Fulham,1.8,1.6,51.0,Bournemouth,1.0,1.6666666666666667,1.4333333333333336,1.166666666666667,49.333333333333336,-1
24,Away,W,2.0,1.0,Aston Villa,1.8,2.4,44.0,Manchester-United,3.0,1.3333333333333333,1.9333333333333333,1.9666666666666668,47.333333333333336,1
24,Home,L,2.0,3.0,Newcastle United,1.5,0.5,39.0,Nottingham-Forest,1.3333333333333333,2.0,0.8333333333333335,1.0,40.333333333333336,-1
24,Away,W,2.0,0.0,Wolverhampton Wanderers,1.9,1.0,29.0,Brentford,1.6666666666666667,2.0,1.5,1.9999999999999998,30.0,1
24,Home,L,0.0,2.0,Brentford,1.0,1.9,71.0,Wolverhampton-Wanderers,2.3333333333333335,2.6666666666666665,1.7,2.3,53.333333333333336,-1
24,Away,L,1.0,2.0,Tottenham Hotspur,1.2,1.6,48.0,Brighton-and-Hove-Albion,1.6666666666666667,2.3333333333333335,1.1666666666666667,1.666666666666667,58.333333333333336,-1
24,Home,W,3.0,1.0,Bournemouth,1.6,1.8,49.0,Fulham,1.6666666666666667,1.0,1.5666666666666667,1.8333333333333333,58.333333333333336,1
24,Home,L,0.0,6.0,Arsenal,0.2,3.6,30.0,West-Ham-United,0.3333333333333333,3.3333333333333335,1.0,1.8333333333333333,42.333333333333336,-1
24,Home,L,1.0,3.0,Chelsea,0.6,1.4,23.0,Crystal-Palace,1.6666666666666667,3.0,0.6666666666666666,1.2000000000000002,36.0,-1
25,Away,D,2.0,2.0,Newcastle United,2.2,2.2,38.0,Bournemouth,1.3333333333333333,2.0,1.7666666666666668,1.4333333333333336,44.666666666666664,0
25,Home,D,2.0,2.0,Bournemouth,2.2,2.2,62.0,Newcastle-United,3.0,2.6666666666666665,1.6666666666666667,2.033333333333333,59.333333333333336,0
25,Home,W,2.0,0.0,West Ham United,2.8,0.5,49.0,Nottingham-Forest,1.6666666666666667,1.3333333333333333,1.6000000000000003,0.7666666666666666,47.666666666666664,1
25,Away,W,2.0,1.0,Luton Town,2.9,1.8,42.0,Manchester-United,2.3333333333333335,0.6666666666666666,1.8,1.866666666666667,45.666666666666664,1
25,Home,L,1.0,2.0,Aston Villa,1.5,1.5,52.0,Fulham,2.0,1.6666666666666667,1.5333333333333332,1.7,52.333333333333336,-1
25,Home,D,1.0,1.0,Crystal Palace,1.7,0.7,61.0,Everton,1.0,1.6666666666666667,1.5333333333333332,1.1,44.0,0
25,Home,L,0.0,5.0,Arsenal,0.3,2.3,36.0,Burnley,1.0,3.3333333333333335,1.1333333333333335,2.2,36.666666666666664,-1
25,Home,L,0.0,5.0,Brighton & Hove Albion,0.6,2.9,21.0,Sheffield-United,1.0,3.6666666666666665,1.2333333333333332,2.3,28.0,-1
25,Home,L,1.0,4.0,Liverpool,1.6,2.8,38.0,Brentford,1.3333333333333333,2.3333333333333335,1.5,1.9666666666666666,31.666666666666668,-1
25,Away,W,2.0,1.0,Tottenham Hotspur,1.8,1.6,29.0,Wolverhampton-Wanderers,2.0,1.6666666666666667,1.5999999999999999,1.7333333333333334,45.333333333333336,1
25,Home,L,1.0,2.0,Manchester United,1.8,2.9,58.0,Luton-Town,2.0,3.0,2.0,2.3000000000000003,59.0,-1
25,Away,W,2.0,1.0,Fulham,1.5,1.5,48.0,Aston-Villa,2.6666666666666665,1.0,2.033333333333333,1.5666666666666664,55.666666666666664,1
25,Home,D,1.0,1.0,Chelsea,2.6,1.4,70.0,Manchester-City,2.0,0.6666666666666666,2.1,0.9,71.33333333333333,0
25,Home,L,1.0,2.0,Wolverhampton Wanderers,1.6,1.8,71.0,Tottenham-Hotspur,1.6666666666666667,1.6666666666666667,1.4000000000000001,1.8666666666666665,60.0,-1
25,Away,W,4.0,1.0,Brentford,2.8,1.6,62.0,Liverpool,2.6666666666666665,1.6666666666666667,2.0,2.1333333333333333,63.0,1
25,Away,L,0.0,2.0,Nottingham Forest,0.5,2.8,51.0,West-Ham-United,0.0,3.6666666666666665,0.7000000000000001,2.3666666666666667,43.333333333333336,-1
25,Away,W,5.0,0.0,Sheffield United,2.9,0.6,79.0,Brighton-and-Hove-Albion,3.3333333333333335,1.0,1.8333333333333333,0.8333333333333334,65.0,1
25,Away,W,5.0,0.0,Burnley,2.3,0.3,64.0,Arsenal,4.666666666666667,0.3333333333333333,3.1333333333333333,0.3,59.0,1
25,Away,D,1.0,1.0,Everton,0.7,1.7,39.0,Crystal-Palace,1.0,2.6666666666666665,0.5333333333333332,1.5,31.333333333333332,0
25,Away,D,1.0,1.0,Manchester City,1.4,2.6,30.0,Chelsea,2.0,2.0,1.5,1.7333333333333332,57.0,0
26,Away,L,0.0,3.0,Crystal Palace,0.1,2.4,44.0,Burnley,0.3333333333333333,3.6666666666666665,0.5666666666666668,2.5,36.666666666666664,-1
26,Home,D,1.0,1.0,Everton,1.4,0.3,64.0,Brighton-and-Hove-Albion,2.3333333333333335,1.0,1.833333333333333,0.8333333333333335,63.666666666666664,0
26,Away,L,1.0,4.0,Liverpool,0.9,3.3,40.0,Luton-Town,1.0,3.0,1.5,2.6333333333333333,57.333333333333336,-1
26,Away,W,2.0,1.0,Manchester United,1.2,1.7,43.0,Fulham,2.0,1.3333333333333333,1.4333333333333333,1.6666666666666667,48.0,1
26,Away,L,0.0,2.0,Chelsea,1.6,2.2,63.0,Tottenham-Hotspur,1.0,1.6666666666666667,1.6,1.7333333333333334,62.0,-1
26,Away,L,2.0,4.0,Aston Villa,2.6,3.6,42.0,Nottingham-Forest,2.0,2.3333333333333335,2.3000000000000003,1.5333333333333334,43.333333333333336,-1
26,Home,W,4.0,1.0,Luton Town,3.3,0.9,60.0,Liverpool,3.6666666666666665,1.0,2.966666666666667,1.2666666666666668,64.0,1
26,Away,L,2.0,4.0,West Ham United,0.9,1.7,59.0,Brentford,1.6666666666666667,2.6666666666666665,1.4666666666666668,1.833333333333333,42.0,-1
26,Home,W,3.0,0.0,Burnley,2.4,0.1,56.0,Crystal-Palace,1.6666666666666667,1.3333333333333333,1.2333333333333332,1.0666666666666667,39.333333333333336,1
26,Home,W,4.0,1.0,Newcastle United,2.8,0.2,55.0,Arsenal,5.0,0.3333333333333333,2.9,0.2333333333333333,63.0,1
26,Away,L,1.0,4.0,Arsenal,0.2,2.8,45.0,Newcastle-United,2.0,2.6666666666666665,0.9666666666666667,2.1666666666666665,56.0,-1
26,Away,W,1.0,0.0,Bournemouth,1.6,0.9,62.0,Manchester-City,1.3333333333333333,0.3333333333333333,1.9333333333333336,0.8666666666666667,68.0,1
26,Away,D,1.0,1.0,Brighton & Hove Albion,0.3,1.4,36.0,Everton,0.6666666666666666,1.3333333333333333,0.7666666666666665,1.2333333333333332,41.666666666666664,0
26,Home,L,0.0,1.0,Manchester City,0.9,1.6,38.0,Bournemouth,1.0,2.0,1.6333333333333337,1.8000000000000005,42.333333333333336,-1
26,Home,W,4.0,2.0,Brentford,1.7,0.9,41.0,West-Ham-United,1.3333333333333333,3.3333333333333335,0.7999999999999999,2.4333333333333336,40.666666666666664,1
26,Home,L,1.0,2.0,Fulham,1.7,1.2,57.0,Manchester-United,1.6666666666666667,1.3333333333333333,2.1333333333333333,1.8000000000000005,47.666666666666664,-1
26,Home,W,4.0,2.0,Nottingham Forest,3.6,2.6,58.0,Aston-Villa,2.3333333333333335,1.6666666666666667,2.5,1.9666666666666668,54.0,1
26,Home,W,2.0,0.0,Tottenham Hotspur,2.2,1.6,37.0,Chelsea,2.0,0.6666666666666666,1.6666666666666667,1.5999999999999999,48.0,1
26,Away,L,0.0,1.0,Wolverhampton Wanderers,0.6,1.3,37.0,Sheffield-United,1.0,2.3333333333333335,0.9666666666666665,1.9999999999999998,28.0,-1
26,Home,W,1.0,0.0,Sheffield United,1.3,0.6,63.0,Wolverhampton-Wanderers,1.0,1.0,1.3666666666666665,1.3666666666666665,54.333333333333336,1
27,Home,W,3.0,0.0,Wolverhampton Wanderers,2.1,0.8,44.0,Newcastle-United,2.0,2.0,1.5,1.9333333333333333,50.333333333333336,1
27,Home,W,3.0,1.0,Manchester United,3.3,0.2,73.0,Manchester-City,1.6666666666666667,0.6666666666666666,2.5000000000000004,0.8333333333333334,68.33333333333333,1
27,Away,L,1.0,3.0,Manchester City,0.2,3.3,27.0,Manchester-United,1.3333333333333333,2.0,1.5999999999999999,2.1,42.0,-1
27,Away,L,1.0,3.0,Tottenham Hotspur,0.3,1.9,22.0,Crystal-Palace,1.6666666666666667,1.3333333333333333,1.1333333333333333,1.2333333333333334,39.0,-1
27,Home,D,2.0,2.0,Chelsea,1.8,1.8,33.0,Brentford,1.6666666666666667,3.3333333333333335,1.4333333333333333,2.0999999999999996,43.333333333333336,0
27,Home,L,1.0,3.0,West Ham United,2.7,1.9,55.0,Everton,1.0,1.6666666666666667,1.5666666666666664,1.3333333333333333,50.666666666666664,-1
27,Home,W,3.0,1.0,Crystal Palace,1.9,0.3,78.0,Tottenham-Hotspur,1.3333333333333333,1.6666666666666667,1.7,1.4333333333333333,70.66666666666667,1
27,Away,W,2.0,0.0,Burnley,1.1,1.5,26.0,Bournemouth,1.3333333333333333,1.0,1.4000000000000004,1.7666666666666668,34.0,1
27,Away,W,1.0,0.0,Nottingham Forest,2.0,1.0,69.0,Liverpool,3.0,0.6666666666666666,2.7000000000000006,1.1666666666666667,63.666666666666664,1
27,Home,W,3.0,0.0,Brighton & Hove Albion,1.3,1.3,30.0,Fulham,2.0,1.0,1.3333333333333333,1.5,41.666666666666664,1
27,Away,L,0.0,3.0,Newcastle United,0.8,2.1,56.0,Wolverhampton-Wanderers,1.0,1.3333333333333333,1.2999999999999998,1.4333333333333336,49.333333333333336,-1
27,Home,L,0.0,6.0,Arsenal,0.2,2.3,20.0,Sheffield-United,0.0,4.0,0.4666666666666666,2.1666666666666665,26.0,-1
27,Away,W,6.0,0.0,Sheffield United,2.3,0.2,80.0,Arsenal,5.0,0.3333333333333333,2.466666666666667,0.2333333333333333,66.33333333333333,1
27,Away,L,0.0,3.0,Fulham,1.3,1.3,70.0,Brighton-and-Hove-Albion,2.0,1.3333333333333333,1.8666666666666665,0.7333333333333334,71.0,-1
27,Home,L,2.0,3.0,Aston Villa,1.8,1.9,46.0,Luton-Town,1.3333333333333333,3.0,1.5,2.6999999999999997,48.0,-1
27,Away,D,2.0,2.0,Brentford,1.8,1.8,67.0,Chelsea,1.6666666666666667,1.0,1.8,2.0,44.666666666666664,0
27,Home,L,0.0,1.0,Liverpool,1.0,2.0,31.0,Nottingham-Forest,1.3333333333333333,1.6666666666666667,2.1333333333333333,2.0333333333333337,40.666666666666664,-1
27,Away,W,3.0,1.0,Everton,1.9,2.7,45.0,West-Ham-United,2.3333333333333335,1.6666666666666667,1.3666666666666665,2.1333333333333333,45.666666666666664,1
27,Home,L,0.0,2.0,Bournemouth,1.5,1.1,74.0,Burnley,0.0,3.3333333333333335,0.6333333333333334,1.9333333333333336,51.333333333333336,-1
27,Away,W,3.0,2.0,Luton Town,1.9,1.8,54.0,Aston-Villa,3.0,1.6666666666666667,2.333333333333333,1.9666666666666668,53.333333333333336,1
28,Away,L,1.0,2.0,Wolverhampton Wanderers,2.6,0.8,52.0,Fulham,2.0,1.0,1.7,1.2666666666666666,41.666666666666664,-1
28,Home,D,1.0,1.0,Manchester City,2.7,1.6,53.0,Liverpool,2.0,0.6666666666666666,2.6666666666666665,1.1666666666666667,60.666666666666664,0
28,Home,W,3.0,2.0,Newcastle United,1.6,0.7,44.0,Chelsea,2.3333333333333335,1.3333333333333333,1.8666666666666665,1.3666666666666665,49.333333333333336,1
28,Home,D,2.0,2.0,Sheffield United,3.3,1.2,69.0,Bournemouth,1.3333333333333333,1.0,1.7666666666666668,1.4333333333333336,44.333333333333336,0
28,Away,D,2.0,2.0,Bournemouth,1.2,3.3,31.0,Sheffield-United,0.6666666666666666,3.0,0.6666666666666666,2.3,29.333333333333332,0
28,Away,W,4.0,0.0,Aston Villa,1.5,0.8,68.0,Tottenham-Hotspur,2.3333333333333335,1.0,1.6666666666666667,1.1,69.66666666666667,1
28,Home,W,1.0,0.0,Nottingham Forest,0.4,0.7,63.0,Brighton-and-Hove-Albion,0.6666666666666666,1.3333333333333333,1.0333333333333332,0.7666666666666666,65.66666666666667,1
28,Home,L,0.0,4.0,Tottenham Hotspur,0.8,1.5,32.0,Aston-Villa,2.3333333333333335,2.6666666666666665,2.1,1.9666666666666668,48.0,-1
28,Home,W,2.0,1.0,Brentford,1.3,1.0,71.0,Arsenal,4.0,0.6666666666666666,2.1333333333333333,0.4666666666666666,68.66666666666667,1
28,Home,W,2.0,1.0,Fulham,0.8,2.6,48.0,Wolverhampton-Wanderers,1.0,1.3333333333333333,0.9666666666666667,1.7666666666666666,55.666666666666664,1
28,Away,D,2.0,2.0,West Ham United,0.7,2.1,48.0,Burnley,0.6666666666666666,2.3333333333333335,0.7666666666666666,1.8666666666666671,55.333333333333336,0
28,Away,L,1.0,2.0,Arsenal,1.0,1.3,29.0,Brentford,1.6666666666666667,2.6666666666666665,1.2333333333333334,1.5999999999999999,40.333333333333336,-1
28,Away,D,1.0,1.0,Liverpool,1.6,2.7,47.0,Manchester-City,1.6666666666666667,0.6666666666666666,2.166666666666667,1.2666666666666666,60.666666666666664,0
28,Away,D,1.0,1.0,Crystal Palace,0.8,2.7,51.0,Luton-Town,1.3333333333333333,2.6666666666666665,1.1666666666666667,2.6333333333333333,45.666666666666664,0
28,Away,L,2.0,3.0,Chelsea,0.7,1.6,56.0,Newcastle-United,2.0,2.3333333333333335,1.0,1.7333333333333334,48.333333333333336,-1
28,Away,L,0.0,1.0,Brighton & Hove Albion,0.7,0.4,37.0,Nottingham-Forest,0.6666666666666666,2.0,1.4333333333333336,2.0000000000000004,36.666666666666664,-1
28,Home,W,2.0,0.0,Everton,2.7,1.6,51.0,Manchester-United,1.3333333333333333,1.6666666666666667,1.5333333333333332,2.0333333333333337,45.0,1
28,Home,D,1.0,1.0,Luton Town,2.7,0.8,49.0,Crystal-Palace,1.6666666666666667,1.3333333333333333,1.8,0.9333333333333335,42.333333333333336,0
28,Away,L,0.0,2.0,Manchester United,1.6,2.7,49.0,Everton,0.6666666666666666,2.0,1.5333333333333332,2.0,46.666666666666664,-1
28,Home,D,2.0,2.0,Burnley,2.1,0.7,52.0,West-Ham-United,3.0,1.6666666666666667,1.8999999999999997,1.4333333333333333,46.0,0
29,Home,D,1.0,1.0,Aston Villa,2.0,0.7,31.0,West-Ham-United,2.0,1.3333333333333333,2.0,1.3666666666666665,42.666666666666664,0
29,Home,W,2.0,1.0,Brentford,2.8,1.1,60.0,Burnley,1.3333333333333333,1.6666666666666667,1.6666666666666667,1.4333333333333336,60.666666666666664,1
29,Home,W,2.0,0.0,Liverpool,1.2,2.1,25.0,Everton,1.0,1.6666666666666667,1.833333333333333,2.233333333333333,43.0,1
29,Away,L,1.0,2.0,Burnley,1.1,2.8,40.0,Brentford,1.3333333333333333,2.0,1.3,1.9666666666666666,34.0,-1
29,Home,W,3.0,0.0,Tottenham Hotspur,2.6,2.4,43.0,Fulham,2.3333333333333335,0.6666666666666666,2.1666666666666665,1.4999999999999998,41.666666666666664,1
29,Away,L,0.0,3.0,Fulham,2.4,2.6,57.0,Tottenham-Hotspur,2.3333333333333335,1.3333333333333333,1.9333333333333333,1.2333333333333334,67.66666666666667,-1
29,Home,L,0.0,1.0,Bournemouth,0.5,1.9,63.0,Wolverhampton-Wanderers,0.6666666666666666,1.6666666666666667,0.6999999999999998,2.1999999999999997,55.666666666666664,-1
29,Away,L,0.0,2.0,Crystal Palace,0.4,0.9,53.0,Newcastle-United,1.6666666666666667,1.6666666666666667,1.0666666666666667,1.1,51.0,-1
29,Home,D,1.0,1.0,Nottingham Forest,0.6,2.0,60.0,Luton-Town,1.3333333333333333,1.6666666666666667,1.0666666666666667,2.2,52.333333333333336,0
29,Away,L,2.0,4.0,Manchester United,0.8,2.9,29.0,Sheffield-United,1.3333333333333333,4.0,0.7333333333333333,2.8333333333333335,26.666666666666668,-1
29,Away,D,1.0,1.0,West Ham United,0.7,2.0,69.0,Aston-Villa,1.3333333333333333,2.3333333333333335,1.133333333333333,1.7666666666666666,51.666666666666664,0
29,Away,L,0.0,2.0,Everton,2.1,1.2,75.0,Liverpool,0.6666666666666666,1.0,2.266666666666667,1.2666666666666668,65.66666666666667,-1
29,Away,L,0.0,5.0,Arsenal,1.6,3.3,55.0,Chelsea,1.6666666666666667,3.0,1.6666666666666667,1.933333333333333,55.333333333333336,-1
29,Away,W,1.0,0.0,Wolverhampton Wanderers,1.9,0.5,37.0,Bournemouth,1.6666666666666667,0.6666666666666666,2.1,1.066666666666667,44.0,1
29,Home,W,5.0,0.0,Chelsea,3.3,1.6,45.0,Arsenal,4.333333333333333,0.3333333333333333,2.3000000000000003,0.9333333333333332,65.33333333333333,1
29,Home,L,0.0,4.0,Manchester City,0.6,1.4,35.0,Brighton-and-Hove-Albion,0.3333333333333333,2.3333333333333335,0.7666666666666666,1.1333333333333333,56.0,-1
29,Home,W,2.0,0.0,Newcastle United,0.9,0.4,47.0,Crystal-Palace,1.3333333333333333,1.3333333333333333,1.3,1.0333333333333334,39.333333333333336,1
29,Home,W,4.0,2.0,Sheffield United,2.9,0.8,71.0,Manchester-United,2.3333333333333335,1.6666666666666667,1.9333333333333333,1.9000000000000004,49.666666666666664,1
29,Away,W,4.0,0.0,Brighton & Hove Albion,1.4,0.6,65.0,Manchester-City,2.6666666666666665,0.6666666666666666,2.1,1.1666666666666667,61.666666666666664,1
29,Away,D,1.0,1.0,Luton Town,2.0,0.6,40.0,Nottingham-Forest,0.3333333333333333,1.0,1.2333333333333334,1.0000000000000002,36.0,0
30,Home,D,1.0,1.0,Crystal Palace,0.9,1.2,59.0,Nottingham-Forest,0.6666666666666666,1.0,1.2000000000000002,0.7333333333333334,45.333333333333336,0
30,Away,L,1.0,2.0,Tottenham Hotspur,0.5,2.9,30.0,Luton-Town,1.0,1.3333333333333333,0.6333333333333333,2.5333333333333337,47.0,-1
30,Home,D,3.0,3.0,Fulham,1.9,1.3,27.0,Sheffield-United,2.3333333333333335,3.0,1.2999999999999998,2.5,29.0,0
30,Away,D,2.0,2.0,Chelsea,1.6,4.2,31.0,Burnley,2.0,1.6666666666666667,1.7,2.4666666666666672,46.333333333333336,0
30,Home,D,2.0,2.0,Burnley,4.2,1.6,69.0,Chelsea,1.6666666666666667,3.0,2.466666666666667,1.8666666666666665,56.0,0
30,Away,D,0.0,0.0,Manchester City,0.7,1.0,28.0,Arsenal,2.3333333333333335,0.3333333333333333,1.7666666666666666,1.2,48.0,0
30,Away,L,1.0,2.0,Liverpool,0.5,2.8,45.0,Brighton-and-Hove-Albion,0.6666666666666666,2.0,0.49999999999999983,1.633333333333333,47.666666666666664,-1
30,Home,D,0.0,0.0,Arsenal,1.0,0.7,72.0,Manchester-City,1.6666666666666667,0.3333333333333333,1.3333333333333337,1.3333333333333333,61.333333333333336,0
30,Home,D,1.0,1.0,Manchester United,3.2,0.6,47.0,Brentford,1.0,1.6666666666666667,1.7666666666666668,1.5666666666666664,38.666666666666664,0
30,Home,W,2.0,0.0,Wolverhampton Wanderers,1.0,1.5,48.0,Aston-Villa,1.0,1.6666666666666667,0.8333333333333331,1.6666666666666667,49.666666666666664,1
30,Away,L,1.0,2.0,Bournemouth,1.0,1.3,52.0,Everton,1.0,1.3333333333333333,1.2666666666666664,2.0333333333333337,42.0,-1
30,Away,L,3.0,4.0,Newcastle United,1.4,4.1,40.0,West-Ham-United,2.0,2.3333333333333335,1.8333333333333333,1.833333333333333,41.0,-1
30,Home,W,2.0,1.0,Brighton & Hove Albion,2.8,0.5,55.0,Liverpool,1.0,1.3333333333333333,2.5333333333333337,1.1,61.0,1
30,Away,D,1.0,1.0,Brentford,0.6,3.2,53.0,Manchester-United,2.3333333333333335,1.0,2.0666666666666664,1.8666666666666671,58.333333333333336,0
30,Home,W,4.0,3.0,West Ham United,4.1,1.4,60.0,Newcastle-United,2.0,2.6666666666666665,1.7333333333333332,1.3,56.333333333333336,1
30,Away,L,0.0,2.0,Aston Villa,1.5,1.0,52.0,Wolverhampton-Wanderers,0.6666666666666666,1.3333333333333333,0.9333333333333332,1.8333333333333333,54.333333333333336,-1
30,Home,W,2.0,1.0,Everton,1.3,1.0,48.0,Bournemouth,1.6666666666666667,1.0,2.166666666666667,0.9000000000000004,51.333333333333336,1
30,Home,W,2.0,1.0,Luton Town,2.9,0.5,70.0,Tottenham-Hotspur,2.0,1.3333333333333333,2.2666666666666666,1.3,65.0,1
30,Away,D,3.0,3.0,Sheffield United,1.3,1.9,73.0,Fulham,2.3333333333333335,1.6666666666666667,2.1666666666666665,1.7,56.0,0
30,Away,D,1.0,1.0,Nottingham Forest,1.2,0.9,41.0,Crystal-Palace,1.3333333333333333,0.6666666666666666,1.6000000000000003,0.7000000000000002,45.666666666666664,0
31,Home,W,2.0,0.0,Luton Town,0.7,0.3,58.0,Arsenal,2.3333333333333335,0.0,1.5666666666666667,0.9666666666666667,43.666666666666664,1
31,Away,D,0.0,0.0,Brentford,1.1,0.6,66.0,Brighton-and-Hove-Albion,0.3333333333333333,2.0,0.7333333333333333,1.5999999999999996,48.666666666666664,0
31,Away,L,0.0,2.0,Arsenal,0.3,0.7,42.0,Luton-Town,0.6666666666666666,1.6666666666666667,0.4666666666666666,1.8666666666666665,44.0,-1
31,Home,W,1.0,0.0,Crystal Palace,1.1,0.2,50.0,Bournemouth,1.3333333333333333,0.3333333333333333,1.4333333333333336,0.566666666666667,45.0,1
31,Away,L,1.0,3.0,Liverpool,0.6,1.8,18.0,Sheffield-United,2.0,3.3333333333333335,1.0999999999999999,2.0,24.666666666666668,-1
31,Home,D,1.0,1.0,Tottenham Hotspur,1.5,1.0,33.0,West-Ham-United,1.6666666666666667,2.0,1.6333333333333335,1.933333333333333,34.666666666666664,0
31,Home,D,1.0,1.0,Everton,2.4,1.4,57.0,Newcastle-United,1.6666666666666667,2.0,2.2999999999999994,1.2333333333333332,56.666666666666664,0
31,Away,D,1.0,1.0,West Ham United,1.0,1.5,67.0,Tottenham-Hotspur,1.0,1.6666666666666667,2.1,1.5333333333333332,64.66666666666667,0
31,Home,W,4.0,1.0,Aston Villa,3.4,0.8,67.0,Manchester-City,2.6666666666666665,0.3333333333333333,1.9333333333333336,0.6999999999999998,68.0,1
31,Home,W,4.0,3.0,Manchester United,3.0,1.5,57.0,Chelsea,2.0,3.3333333333333335,2.9333333333333336,2.1333333333333333,60.333333333333336,1
31,Away,D,1.0,1.0,Newcastle United,1.4,2.4,43.0,Everton,1.3333333333333333,1.0,1.1999999999999995,1.9333333333333333,40.0,0
31,Away,L,3.0,4.0,Chelsea,1.5,3.0,43.0,Manchester-United,2.6666666666666665,2.3333333333333335,1.6666666666666667,2.333333333333334,55.666666666666664,-1
31,Home,W,3.0,1.0,Sheffield United,1.8,0.6,82.0,Liverpool,1.6666666666666667,1.3333333333333333,2.2333333333333334,0.7666666666666667,70.66666666666667,1
31,Away,L,1.0,3.0,Nottingham Forest,1.5,1.5,66.0,Fulham,2.3333333333333335,2.0,1.8,1.933333333333333,60.666666666666664,-1
31,Home,D,0.0,0.0,Brighton & Hove Albion,0.6,1.1,34.0,Brentford,0.6666666666666666,1.0,1.6333333333333335,1.5,40.333333333333336,0
31,Home,D,1.0,1.0,Wolverhampton Wanderers,1.3,0.9,51.0,Burnley,1.6666666666666667,1.3333333333333333,1.9000000000000001,2.0666666666666678,47.333333333333336,0
31,Away,L,1.0,4.0,Manchester City,0.8,3.4,33.0,Aston-Villa,1.3333333333333333,1.6666666666666667,0.8333333333333331,2.3,50.0,-1
31,Away,L,0.0,1.0,Bournemouth,0.2,1.1,50.0,Crystal-Palace,1.0,0.6666666666666666,0.7666666666666667,0.8000000000000002,46.0,-1
31,Home,W,3.0,1.0,Fulham,1.5,1.5,34.0,Nottingham-Forest,1.6666666666666667,1.0,1.4666666666666668,1.1000000000000003,44.333333333333336,1
31,Away,D,1.0,1.0,Burnley,0.9,1.3,49.0,Wolverhampton-Wanderers,0.3333333333333333,1.3333333333333333,0.9666666666666665,1.4000000000000001,54.666666666666664,0
32,Away,D,2.0,2.0,Sheffield United,0.3,1.4,68.0,Chelsea,2.6666666666666665,2.3333333333333335,2.5,1.5,64.66666666666667,0
32,Home,W,2.0,1.0,Bournemouth,1.5,0.4,55.0,Luton-Town,1.0,1.6666666666666667,0.7666666666666666,1.3333333333333333,42.333333333333336,1
32,Home,L,2.0,4.0,Manchester City,1.1,1.9,25.0,Crystal-Palace,1.0,2.0,0.8333333333333334,1.3,38.666666666666664,-1
32,Away,W,4.0,2.0,Crystal Palace,1.9,1.1,75.0,Manchester-City,2.6666666666666665,1.0,2.1,0.8666666666666666,71.33333333333333,1
32,Away,D,3.0,3.0,Aston Villa,1.5,1.5,31.0,Brentford,1.3333333333333333,1.3333333333333333,1.7666666666666668,1.0666666666666667,37.333333333333336,0
32,Away,W,3.0,0.0,Brighton & Hove Albion,3.4,0.5,46.0,Arsenal,1.6666666666666667,0.0,1.6000000000000003,0.6,44.0,1
32,Away,L,1.0,2.0,Luton Town,0.4,1.5,45.0,Bournemouth,1.3333333333333333,1.0,0.9333333333333337,0.9000000000000004,47.666666666666664,-1
32,Home,L,1.0,2.0,West Ham United,1.5,1.2,58.0,Wolverhampton-Wanderers,0.6666666666666666,1.6666666666666667,1.2999999999999998,1.1666666666666667,53.0,-1
32,Away,D,2.0,2.0,Manchester United,3.6,0.7,62.0,Liverpool,2.3333333333333335,1.3333333333333333,2.733333333333334,0.6000000000000001,66.33333333333333,0
32,Away,W,1.0,0.0,Fulham,1.0,1.2,34.0,Newcastle-United,2.0,1.3333333333333333,2.5,1.3333333333333333,50.333333333333336,1
32,Away,W,2.0,1.0,Wolverhampton Wanderers,1.2,1.5,42.0,West-Ham-United,2.0,2.0,1.3666666666666665,2.1999999999999997,38.333333333333336,1
32,Home,D,2.0,2.0,Liverpool,0.7,3.6,38.0,Manchester-United,2.0,2.3333333333333335,0.9333333333333332,3.266666666666667,44.666666666666664,0
32,Home,D,3.0,3.0,Brentford,1.5,1.5,69.0,Aston-Villa,2.0,2.3333333333333335,1.0999999999999999,2.1333333333333333,50.0,0
32,Away,L,0.0,1.0,Everton,0.5,0.9,62.0,Burnley,1.0,1.3333333333333333,1.1333333333333335,2.0000000000000004,48.0,-1
32,Home,W,3.0,1.0,Nottingham Forest,1.5,1.5,63.0,Tottenham-Hotspur,2.0,1.0,1.8,1.1666666666666667,66.66666666666667,1
32,Home,W,1.0,0.0,Burnley,0.9,0.5,38.0,Everton,1.0,1.0,1.0999999999999996,1.3999999999999997,44.333333333333336,1
32,Away,L,1.0,3.0,Tottenham Hotspur,1.5,1.5,37.0,Nottingham-Forest,1.6666666666666667,1.6666666666666667,1.3,1.4000000000000001,43.333333333333336,-1
32,Home,L,0.0,1.0,Newcastle United,1.2,1.0,66.0,Fulham,1.3333333333333333,2.3333333333333335,1.3333333333333333,1.4666666666666661,68.33333333333333,-1
32,Home,L,0.0,3.0,Arsenal,0.5,3.4,54.0,Brighton-and-Hove-Albion,0.3333333333333333,1.6666666666666667,0.6999999999999998,2.2666666666666666,55.0,-1
32,Home,D,2.0,2.0,Chelsea,1.4,0.3,32.0,Sheffield-United,2.0,2.6666666666666665,1.2999999999999998,1.1333333333333333,25.666666666666668,0
33,Away,D,2.0,2.0,Nottingham Forest,1.0,1.9,54.0,Wolverhampton-Wanderers,1.3333333333333333,1.6666666666666667,1.133333333333333,1.4666666666666668,53.666666666666664,0
33,Home,W,5.0,1.0,Luton Town,4.2,0.5,73.0,Manchester-City,4.333333333333333,1.3333333333333333,3.1666666666666665,0.7999999999999999,71.66666666666667,1
33,Home,D,1.0,1.0,Brighton & Hove Albion,1.7,0.9,45.0,Burnley,0.6666666666666666,1.0,1.1666666666666667,0.9,52.666666666666664,0
33,Home,D,2.0,2.0,Manchester United,1.6,1.2,43.0,Bournemouth,1.3333333333333333,1.3333333333333333,1.0333333333333339,0.9666666666666669,46.0,0
33,Home,L,0.0,2.0,Fulham,0.9,3.2,58.0,West-Ham-United,1.0,1.3333333333333333,1.2,1.9000000000000001,44.333333333333336,-1
33,Home,W,2.0,0.0,Sheffield United,1.0,0.8,53.0,Brentford,1.6666666666666667,1.0,1.0333333333333334,1.1333333333333335,39.333333333333336,1
33,Away,L,0.0,4.0,Newcastle United,0.8,2.8,72.0,Tottenham-Hotspur,1.3333333333333333,2.0,1.0999999999999999,1.9333333333333333,67.33333333333333,-1
33,Away,D,1.0,1.0,Burnley,0.9,1.7,55.0,Brighton-and-Hove-Albion,0.3333333333333333,1.3333333333333333,0.8333333333333331,1.9000000000000001,58.333333333333336,0
33,Away,L,1.0,5.0,Manchester City,0.5,4.2,27.0,Luton-Town,1.0,2.6666666666666665,0.7666666666666666,1.7666666666666668,41.333333333333336,-1
33,Away,L,0.0,2.0,Brentford,0.8,1.0,47.0,Sheffield-United,1.0,2.3333333333333335,0.9333333333333332,1.0333333333333332,32.333333333333336,-1
33,Away,W,2.0,0.0,Arsenal,0.9,1.6,48.0,Aston-Villa,2.0,2.3333333333333335,1.0666666666666667,2.1666666666666665,50.0,1
33,Away,W,2.0,0.0,West Ham United,3.2,0.9,42.0,Fulham,1.0,1.3333333333333333,1.9666666666666668,1.133333333333333,58.0,1
33,Away,L,0.0,6.0,Chelsea,1.5,3.1,42.0,Everton,0.6666666666666666,2.3333333333333335,1.2666666666666664,2.0,41.0,-1
33,Home,W,6.0,0.0,Everton,3.1,1.5,58.0,Chelsea,4.0,1.6666666666666667,2.1333333333333333,1.4666666666666666,61.0,1
33,Home,W,4.0,0.0,Tottenham Hotspur,2.8,0.8,28.0,Newcastle-United,2.0,0.3333333333333333,2.0666666666666664,1.1333333333333333,39.666666666666664,1
33,Away,W,1.0,0.0,Liverpool,2.0,2.7,31.0,Crystal-Palace,1.0,1.6666666666666667,1.0999999999999999,1.9000000000000001,35.333333333333336,1
33,Home,D,2.0,2.0,Wolverhampton Wanderers,1.9,1.0,46.0,Nottingham-Forest,2.0,2.0,1.6333333333333335,1.3333333333333333,39.0,0
33,Away,D,2.0,2.0,Bournemouth,1.2,1.6,57.0,Manchester-United,2.3333333333333335,2.6666666666666665,1.1333333333333333,2.733333333333334,46.0,0
33,Home,L,0.0,2.0,Aston Villa,1.6,0.9,52.0,Arsenal,1.6666666666666667,0.6666666666666666,1.9000000000000001,0.5666666666666665,52.0,-1
33,Home,L,0.0,1.0,Crystal Palace,2.7,2.0,69.0,Liverpool,1.6666666666666667,1.3333333333333333,2.7000000000000006,1.1,71.0,-1
34,Away,W,3.0,1.0,Fulham,1.0,0.8,60.0,Liverpool,1.6666666666666667,1.3333333333333333,2.433333333333334,1.1666666666666667,63.666666666666664,1
34,Away,L,2.0,5.0,Crystal Palace,1.3,2.4,40.0,West-Ham-United,1.3333333333333333,2.6666666666666665,1.1333333333333333,2.3666666666666667,46.666666666666664,-1
34,Home,L,1.0,3.0,Liverpool,0.8,1.0,40.0,Fulham,1.0,1.3333333333333333,1.7333333333333334,0.9666666666666663,49.333333333333336,-1
34,Home,L,0.0,2.0,Manchester City,1.7,2.4,53.0,Tottenham-Hotspur,1.0,2.3333333333333335,1.3333333333333333,2.233333333333333,62.666666666666664,-1
34,Home,W,3.0,2.0,Newcastle United,1.4,2.3,45.0,Manchester-United,2.3333333333333335,2.0,1.0999999999999999,2.5000000000000004,46.666666666666664,1
34,Away,L,2.0,3.0,Manchester United,2.3,1.4,55.0,Newcastle-United,2.3333333333333335,1.0,2.033333333333333,1.1333333333333333,39.0,-1
34,Away,W,2.0,0.0,Tottenham Hotspur,2.4,1.7,47.0,Manchester-City,3.6666666666666665,1.0,2.8333333333333335,1.0999999999999999,65.0,1
34,Home,L,1.0,5.0,Brentford,0.6,3.1,53.0,Luton-Town,1.3333333333333333,3.6666666666666665,0.8666666666666666,2.5666666666666664,45.0,-1
34,Home,L,0.0,2.0,Arsenal,0.2,1.2,46.0,Wolverhampton-Wanderers,1.0,2.0,0.8999999999999999,1.4333333333333333,52.666666666666664,-1
34,Home,W,2.0,0.0,Nottingham Forest,0.3,0.9,41.0,Everton,1.0,2.0,0.8999999999999998,1.5,40.333333333333336,1
34,Home,W,5.0,2.0,West Ham United,2.4,1.3,60.0,Crystal-Palace,2.6666666666666665,2.0,1.8333333333333333,1.9666666666666668,38.666666666666664,1
34,Away,L,0.0,2.0,Everton,0.9,0.3,59.0,Nottingham-Forest,1.0,2.3333333333333335,1.4333333333333336,0.9333333333333335,47.333333333333336,-1
34,Away,L,1.0,3.0,Aston Villa,1.8,2.4,44.0,Bournemouth,1.3333333333333333,2.3333333333333335,1.266666666666667,1.7000000000000002,44.0,-1
34,Away,W,2.0,1.0,Brighton & Hove Albion,1.5,1.1,45.0,Chelsea,3.3333333333333335,1.0,1.6333333333333335,1.3333333333333333,57.0,1
34,Home,L,1.0,4.0,Burnley,2.4,2.2,49.0,Sheffield-United,1.0,2.6666666666666665,1.5333333333333332,1.1666666666666667,42.666666666666664,-1
34,Home,L,1.0,2.0,Chelsea,1.1,1.5,55.0,Brighton-and-Hove-Albion,0.6666666666666666,2.0,0.8333333333333331,2.2,54.666666666666664,-1
34,Home,W,3.0,1.0,Bournemouth,2.4,1.8,56.0,Aston-Villa,2.6666666666666665,1.3333333333333333,1.5999999999999996,1.633333333333333,57.666666666666664,1
34,Away,W,2.0,0.0,Wolverhampton Wanderers,1.2,0.2,54.0,Arsenal,1.6666666666666667,0.6666666666666666,2.066666666666667,0.5333333333333332,50.666666666666664,1
34,Away,W,5.0,1.0,Luton Town,3.1,0.6,47.0,Brentford,3.3333333333333335,1.3333333333333333,1.8666666666666665,0.9666666666666667,43.666666666666664,1
34,Away,W,4.0,1.0,Sheffield United,2.2,2.4,51.0,Burnley,1.6666666666666667,1.0,1.4666666666666668,1.4000000000000006,52.666666666666664,1
35,Away,D,1.0,1.0,Manchester United,2.1,2.7,52.0,Burnley,2.0,1.0,2.0,2.0000000000000004,49.333333333333336,0
35,Home,W,2.0,1.0,Luton Town,1.2,0.6,58.0,Wolverhampton-Wanderers,1.3333333333333333,1.6666666666666667,0.7999999999999998,1.2333333333333332,52.666666666666664,1
35,Home,W,1.0,0.0,Brentford,0.8,0.9,48.0,Everton,1.0,2.0,0.8666666666666664,1.633333333333333,43.666666666666664,1
35,Home,D,1.0,1.0,Crystal Palace,1.1,1.0,53.0,Fulham,1.3333333333333333,1.3333333333333333,1.7000000000000002,0.9666666666666663,45.0,0
35,Away,D,2.0,2.0,Aston Villa,1.6,1.1,71.0,Chelsea,3.3333333333333335,1.0,2.066666666666667,1.2333333333333332,58.0,0
35,Away,D,1.0,1.0,Fulham,1.0,1.1,47.0,Crystal-Palace,2.3333333333333335,1.0,1.8,1.7000000000000002,46.0,0
35,Away,L,1.0,2.0,Wolverhampton Wanderers,0.6,1.2,42.0,Luton-Town,1.0,4.0,0.5666666666666665,2.8333333333333335,40.666666666666664,-1
35,Home,L,0.0,2.0,Manchester City,1.9,0.9,34.0,Nottingham-Forest,0.6666666666666666,2.0,1.5666666666666667,0.7333333333333334,46.333333333333336,-1
35,Away,L,0.0,1.0,Everton,0.9,0.8,52.0,Brentford,2.3333333333333335,0.6666666666666666,1.6666666666666667,0.7333333333333334,50.666666666666664,-1
35,Home,L,2.0,3.0,Arsenal,2.3,1.0,62.0,Tottenham-Hotspur,0.6666666666666666,3.0,1.5999999999999999,2.0666666666666664,62.333333333333336,-1
35,Home,D,2.0,2.0,Liverpool,0.7,1.7,29.0,West-Ham-United,1.3333333333333333,3.0,0.9666666666666668,2.433333333333333,42.333333333333336,0
35,Home,D,1.0,1.0,Burnley,2.7,2.1,48.0,Manchester-United,2.0,1.6666666666666667,1.7666666666666666,2.0000000000000004,50.0,0
35,Away,W,2.0,0.0,Nottingham Forest,0.9,1.9,66.0,Manchester-City,3.0,0.3333333333333333,2.5,1.3666666666666665,62.0,1
35,Home,W,3.0,0.0,Brighton & Hove Albion,1.9,0.9,31.0,Bournemouth,2.0,1.6666666666666667,1.7666666666666668,1.5000000000000002,39.333333333333336,1
35,Away,L,0.0,3.0,Bournemouth,0.9,1.9,69.0,Brighton-and-Hove-Albion,0.6666666666666666,2.0,0.9666666666666665,1.7,59.666666666666664,-1
35,Home,W,5.0,1.0,Sheffield United,3.1,1.5,60.0,Newcastle-United,3.6666666666666665,1.3333333333333333,2.733333333333333,1.2333333333333334,47.666666666666664,1
35,Away,L,1.0,5.0,Newcastle United,1.5,3.1,40.0,Sheffield-United,0.6666666666666666,3.6666666666666665,1.5666666666666664,2.1,45.333333333333336,-1
35,Home,D,2.0,2.0,Chelsea,1.1,1.6,29.0,Aston-Villa,2.3333333333333335,1.0,1.4666666666666666,1.6666666666666667,44.333333333333336,0
35,Away,W,3.0,2.0,Tottenham Hotspur,1.0,2.3,38.0,Arsenal,1.6666666666666667,1.3333333333333333,1.2666666666666668,1.133333333333333,48.0,1
35,Away,D,2.0,2.0,West Ham United,1.7,0.7,71.0,Liverpool,1.6666666666666667,1.3333333333333333,1.8000000000000005,1.1666666666666667,66.66666666666667,0
36,Away,W,4.0,1.0,Burnley,3.4,1.0,53.0,Newcastle-United,3.6666666666666665,1.6666666666666667,2.9333333333333336,1.3,56.0,1
36,Home,W,5.0,0.0,West Ham United,4.1,0.9,69.0,Chelsea,3.0,1.0,2.4,1.0333333333333332,61.666666666666664,1
36,Home,W,1.0,0.0,Aston Villa,2.5,0.1,52.0,Brighton-and-Hove-Albion,0.6666666666666666,1.6666666666666667,1.5,1.1666666666666665,58.666666666666664,1
36,Home,W,4.0,0.0,Manchester United,1.7,0.4,43.0,Crystal-Palace,3.3333333333333335,1.0,1.7,0.9333333333333335,50.0,1
36,Home,W,5.0,1.0,Wolverhampton Wanderers,3.7,0.3,58.0,Manchester-City,3.0,0.3333333333333333,2.3333333333333335,1.2999999999999998,57.0,1
36,Away,W,3.0,1.0,Sheffield United,1.5,2.2,46.0,Nottingham-Forest,1.0,1.6666666666666667,1.4333333333333336,1.1333333333333335,46.333333333333336,1
36,Home,W,3.0,0.0,Bournemouth,3.3,0.5,55.0,Arsenal,2.6666666666666665,0.6666666666666666,1.8333333333333333,0.9999999999999999,49.0,1
36,Away,D,1.0,1.0,Luton Town,1.4,0.8,49.0,Everton,1.3333333333333333,0.3333333333333333,0.833333333333333,0.8666666666666666,46.0,0
36,Away,L,0.0,5.0,Chelsea,0.9,4.1,31.0,West-Ham-United,1.3333333333333333,4.0,0.9666666666666667,2.733333333333333,33.333333333333336,-1
36,Away,L,1.0,5.0,Manchester City,0.3,3.7,42.0,Wolverhampton-Wanderers,1.0,2.6666666666666665,0.5666666666666665,1.8333333333333333,48.666666666666664,-1
36,Away,L,0.0,3.0,Arsenal,0.5,3.3,45.0,Bournemouth,1.3333333333333333,2.0,1.4000000000000004,2.2,40.0,-1
36,Away,D,0.0,0.0,Brentford,1.3,0.6,46.0,Fulham,0.6666666666666666,1.3333333333333333,1.0666666666666667,0.8666666666666664,46.333333333333336,0
36,Away,L,2.0,4.0,Liverpool,1.2,3.3,56.0,Tottenham-Hotspur,1.3333333333333333,3.0,1.7333333333333334,2.233333333333333,57.0,-1
36,Home,L,1.0,3.0,Nottingham Forest,2.2,1.5,54.0,Sheffield-United,1.0,4.0,2.033333333333333,2.266666666666667,47.666666666666664,-1
36,Home,L,1.0,4.0,Newcastle United,1.0,3.4,47.0,Burnley,2.0,2.0,1.7666666666666668,2.833333333333334,50.0,-1
36,Away,L,0.0,4.0,Crystal Palace,0.4,1.7,57.0,Manchester-United,1.3333333333333333,2.3333333333333335,1.5,2.0333333333333337,50.0,-1
36,Away,L,0.0,1.0,Brighton & Hove Albion,0.1,2.5,48.0,Aston-Villa,1.6666666666666667,1.3333333333333333,1.2,1.9666666666666668,44.333333333333336,-1
36,Home,D,0.0,0.0,Fulham,0.6,1.3,54.0,Brentford,1.6666666666666667,0.6666666666666666,1.5333333333333332,0.9,51.0,0
36,Home,W,4.0,2.0,Tottenham Hotspur,3.3,1.2,44.0,Liverpool,3.0,1.6666666666666667,2.0000000000000004,0.9,58.333333333333336,1
36,Home,D,1.0,1.0,Everton,0.8,1.4,51.0,Luton-Town,1.0,2.6666666666666665,0.6666666666666666,1.9000000000000001,48.666666666666664,0
37,Away,W,4.0,0.0,Fulham,3.2,0.1,64.0,Manchester-City,3.6666666666666665,0.3333333333333333,2.6000000000000005,0.7666666666666665,62.666666666666664,1
37,Away,D,3.0,3.0,Aston Villa,1.7,3.1,59.0,Liverpool,3.0,2.3333333333333335,2.233333333333334,1.666666666666667,58.0,0
37,Home,L,1.0,3.0,Crystal Palace,1.6,2.6,62.0,Wolverhampton-Wanderers,1.3333333333333333,3.0,1.0333333333333332,2.3000000000000003,54.0,-1
37,Home,D,3.0,3.0,Liverpool,3.1,1.7,41.0,Aston-Villa,1.6666666666666667,2.0,1.4333333333333333,1.9333333333333333,39.333333333333336,0
37,Home,W,3.0,1.0,Luton Town,3.2,0.3,58.0,West-Ham-United,1.6666666666666667,2.6666666666666665,1.6000000000000003,2.0333333333333328,39.333333333333336,1
37,Away,W,3.0,2.0,Nottingham Forest,1.6,1.5,67.0,Chelsea,3.3333333333333335,1.3333333333333333,2.433333333333333,1.1666666666666665,69.0,1
37,Home,L,1.0,2.0,Brentford,0.7,1.1,48.0,Bournemouth,1.3333333333333333,1.6666666666666667,1.0333333333333339,1.7666666666666668,41.333333333333336,-1
37,Home,D,1.0,1.0,Brighton & Hove Albion,2.2,1.4,57.0,Newcastle-United,3.3333333333333335,1.0,2.9,1.3,56.666666666666664,0
37,Away,L,0.0,1.0,Everton,0.6,2.3,42.0,Sheffield-United,0.6666666666666666,3.0,1.433333333333333,2.3000000000000003,45.333333333333336,-1
37,Home,L,0.0,4.0,Manchester City,0.1,3.2,36.0,Fulham,0.3333333333333333,1.6666666666666667,0.8333333333333335,1.5999999999999996,45.0,-1
37,Home,L,0.0,1.0,Arsenal,0.5,1.5,54.0,Manchester-United,0.3333333333333333,2.0,1.2,1.7666666666666668,53.0,-1
37,Away,L,1.0,3.0,West Ham United,0.3,3.2,42.0,Luton-Town,1.0,2.0,0.5666666666666667,1.9333333333333336,45.0,-1
37,Away,W,3.0,1.0,Wolverhampton Wanderers,2.6,1.6,38.0,Crystal-Palace,2.6666666666666665,0.6666666666666666,1.7666666666666668,1.0333333333333334,42.666666666666664,1
37,Away,W,2.0,1.0,Bournemouth,1.1,0.7,52.0,Brentford,0.6666666666666666,0.6666666666666666,0.8666666666666667,0.9333333333333332,52.666666666666664,1
37,Home,L,2.0,3.0,Chelsea,1.5,1.6,33.0,Nottingham-Forest,1.6666666666666667,2.0,1.6333333333333335,1.566666666666667,37.666666666666664,-1
37,Away,W,1.0,0.0,Manchester United,1.5,0.5,46.0,Arsenal,2.3333333333333335,0.6666666666666666,1.9333333333333336,1.0999999999999999,46.333333333333336,1
37,Away,L,1.0,2.0,Tottenham Hotspur,0.7,2.7,37.0,Burnley,1.0,2.3333333333333335,1.2666666666666666,2.933333333333334,45.333333333333336,-1
37,Away,D,1.0,1.0,Newcastle United,1.4,2.2,43.0,Brighton-and-Hove-Albion,0.6666666666666666,1.3333333333333333,1.5999999999999996,1.4000000000000001,54.666666666666664,0
37,Home,W,1.0,0.0,Sheffield United,2.3,0.6,58.0,Everton,1.0,0.3333333333333333,1.4999999999999998,0.7666666666666666,51.666666666666664,1
37,Home,W,2.0,1.0,Burnley,2.7,0.7,63.0,Tottenham-Hotspur,2.0,2.6666666666666665,2.066666666666667,1.6666666666666663,60.333333333333336,1
38,Away,,,,Chelsea,,,,Bournemouth,,,,,,0
38,Home,,,,Wolverhampton Wanderers,,,,Liverpool,,,,,,0
38,Home,,,,Fulham,,,,Luton-Town,,,,,,0
38,Home,,,,Newcastle United,,,,Brentford,,,,,,0
38,Home,,,,Manchester United,,,,Brighton-and-Hove-Albion,,,,,,0
38,Away,,,,Luton Town,,,,Fulham,,,,,,0
38,Away,,,,Brentford,,,,Newcastle-United,,,,,,0
38,Away,,,,Manchester City,,,,West-Ham-United,,,,,,0
38,Home,,,,Tottenham Hotspur,,,,Sheffield-United,,,,,,0
38,Home,,,,Aston Villa,,,,Crystal-Palace,,,,,,0
38,Away,,,,Liverpool,,,,Wolverhampton-Wanderers,,,,,,0
38,Home,,,,Bournemouth,,,,Chelsea,,,,,,0
38,Away,,,,Crystal Palace,,,,Aston-Villa,,,,,,0
38,Away,,,,Arsenal,,,,Everton,,,,,,0
38,Away,,,,Burnley,,,,Nottingham-Forest,,,,,,0
38,Away,,,,Sheffield United,,,,Tottenham-Hotspur,,,,,,0
38,Home,,,,Nottingham Forest,,,,Burnley,,,,,,0
38,Home,,,,Everton,,,,Arsenal,,,,,,0
38,Home,,,,West Ham United,,,,Manchester-City,,,,,,0
38,Away,,,,Brighton & Hove Albion,,,,Manchester-United,,,,,,0
